entry_id,L,AUC,P@K,P@K/2,P@K/5,K
10jy,286,0.5237608383279322,0.28703703703703703,0.46296296296296297,0.7619047619047619,108
10jx,282,0.5179142518361239,0.30275229357798167,0.42592592592592593,0.7619047619047619,109
12td,288,0.0,0.0,0.0,0.0,20
10tq,856,0.0,0.0,0.0,0.0,62
10ua,856,0.0,0.0,0.0,0.0,64
10rb,280,0.0,0.0,0.0,0.0,31
10rc,280,0.0,0.0,0.0,0.0,30
12kh,925,0.006086380922921206,0.015151515151515152,0.0,0.0,66
10ra,280,0.0,0.0,0.0,0.0,29
10yv,548,0.0,0.0,0.0,0.0,115
21ie,125,0.06591319396988654,0.06666666666666667,0.044444444444444446,0.1111111111111111,90
21ih,717,0.2204378638050278,0.16393442622950818,0.16393442622950818,0.25,122
21ip,129,0.0624969924712763,0.039603960396039604,0.06,0.1,101
21ik,115,0.0011638404987850371,0.011111111111111112,0.0,0.0,90
21ii,717,0.22124846031358975,0.16393442622950818,0.18032786885245902,0.25,122
22fh,242,0.0,0.0,0.0,0.0,26
21kl,468,0.0,0.0,0.0,0.0,46
28vj,413,0.07644078428884372,0.056179775280898875,0.06818181818181818,0.11764705882352941,89
21ig,664,0.22857794492181008,0.14049586776859505,0.15,0.25,121
28li,461,0.0,0.0,0.0,0.0,15
7px1,168,0.13987660336727656,0.06578947368421052,0.13157894736842105,0.2,76
7pwe,383,0.013583365245037341,0.025210084033613446,0.01694915254237288,0.0,119
7qii,179,0.021182717320134027,0.03614457831325301,0.04878048780487805,0.0,83
7pzb,453,0.9446072339313999,0.7540983606557377,0.9672131147540983,1.0,122
7qeu,359,0.0,0.0,0.0,0.0,57
7qcn,814,0.0,0.0,0.0,0.0,122
7qpa,654,0.12304257715210973,0.10344827586206896,0.1206896551724138,0.13043478260869565,116
7pvh,378,0.0015959519953491973,0.017543859649122806,0.0,0.0,57
7pza,451,0.9413169319190581,0.7419354838709677,0.967741935483871,1.0,124
7qb9,598,0.2560465474057819,0.12418300653594772,0.19736842105263158,0.3,153
7qej,407,0.1444718832007312,0.0847457627118644,0.1694915254237288,0.21739130434782608,118
7qeo,368,0.0,0.0,0.0,0.0,58
7qrh,420,0.0,0.0,0.0,0.0,51
7qsp,248,0.0,0.0,0.0,0.0,13
7qek,406,0.1071923079332552,0.07142857142857142,0.14285714285714285,0.13636363636363635,112
7qev,383,0.0020613509130064035,0.013888888888888888,0.0,0.0,72
7q94,531,0.46079797822016155,0.36,0.4166666666666667,0.6,25
7qui,266,0.0,0.0,0.0,0.0,24
7qpc,654,0.12868204877667494,0.1206896551724138,0.1206896551724138,0.13043478260869565,116
7qes,366,0.0,0.0,0.0,0.0,63
7qvb,442,0.01871124368486448,0.02586206896551724,0.017241379310344827,0.021739130434782608,232
7qp9,654,0.12118318910624862,0.09917355371900827,0.11666666666666667,0.125,121
7skp,146,0.10142080311533543,0.07575757575757576,0.12121212121212122,0.15384615384615385,66
7sks,553,0.0,0.0,0.0,0.0,133
7skt,559,0.0,0.0,0.0,0.0,141
7sfn,301,0.040243830340649975,0.05,0.06666666666666667,0.0,60
7slq,558,0.0,0.0,0.0,0.0,69
7sse,591,0.0,0.0,0.0,0.0,54
7sz2,355,0.0,0.0,0.0,0.0,129
7t8i,127,0.8032718781495217,0.6190476190476191,0.8095238095238095,0.875,42
7sz3,354,0.0,0.0,0.0,0.0,129
7t91,129,0.08208183418993324,0.140625,0.03125,0.08333333333333333,64
7tdq,166,0.0,0.0,0.0,0.0,81
7t4l,753,0.029454601030757352,0.011235955056179775,0.022727272727272728,0.058823529411764705,89
7slp,560,0.0,0.0,0.0,0.0,72
7sku,600,0.0,0.0,0.0,0.0,261
7t8k,563,0.009042423873560124,0.012448132780082987,0.016666666666666666,0.0,241
7t71,695,0.0,0.0,0.0,0.0,63
7spn,911,0.0,0.0,0.0,0.0,79
7t4k,780,0.031683282011968565,0.012658227848101266,0.02564102564102564,0.06666666666666667,79
7t8o,440,0.3679543947656198,0.1935483870967742,0.3387096774193548,0.4583333333333333,124
7tak,901,0.0,0.0,0.0,0.0,228
7t8l,542,0.009081735001337705,0.01282051282051282,0.008547008547008548,0.0,234
7tze,416,0.0,0.0,0.0,0.0,27
7tzv,385,0.06457069296683458,0.05142857142857143,0.08045977011494253,0.08571428571428572,175
7tzl,542,0.0,0.0,0.0,0.0,38
7txn,209,0.545292913065038,0.2911392405063291,0.48717948717948717,0.7333333333333333,79
7txo,201,0.5663600051025036,0.3013698630136986,0.4722222222222222,0.8571428571428571,73
7u2s,494,0.14661493023250335,0.13978494623655913,0.13043478260869565,0.2222222222222222,93
7til,739,0.0,0.0,0.0,0.0,85
7t4n,803,0.02390295195764123,0.008771929824561403,0.017543859649122806,0.045454545454545456,114
7tuk,284,0.0,0.0,0.0,0.0,92
7tul,278,0.03540340432561302,0.017241379310344827,0.034482758620689655,0.09090909090909091,58
7u02,385,0.06514952835445872,0.05389221556886228,0.07228915662650602,0.06060606060606061,167
7txm,203,0.5679026529082386,0.2987012987012987,0.5,0.9333333333333333,77
7ubj,290,0.0,0.0,0.0,0.0,34
7uaw,250,0.03729575667864034,0.03636363636363636,0.03636363636363636,0.045454545454545456,220
7ubk,293,0.002773712666868485,0.010309278350515464,0.0,0.0,97
7txe,262,0.0,0.0,0.0,0.0,235
7uj4,889,0.0,0.0,0.0,0.0,24
7ux6,706,0.5592483235673967,0.36217948717948717,0.5064102564102564,0.6612903225806451,312
7ut0,566,0.0,0.0,0.0,0.0,23
7tvm,446,0.0,0.0,0.0,0.0,59
7uql,280,0.13086569002991955,0.12121212121212122,0.15151515151515152,0.07692307692307693,66
7uj3,439,0.03428042692894584,0.020172910662824207,0.017341040462427744,0.028985507246376812,347
7uj2,315,0.19047913412553413,0.09424083769633508,0.15789473684210525,0.21052631578947367,191
7udi,424,0.04909605988267796,0.02666666666666667,0.03571428571428571,0.06666666666666667,225
7urg,802,0.0,0.0,0.0,0.0,47
7unh,491,0.0,0.0,0.0,0.0,95
7unj,435,0.035595894394467816,0.08771929824561403,0.03571428571428571,0.0,57
7uln,472,0.0,0.0,0.0,0.0,157
7uxs,390,0.0,0.0,0.0,0.0,88
7ux8,739,0.5470149225086576,0.33534743202416917,0.47878787878787876,0.6515151515151515,331
7ula,746,0.0,0.0,0.0,0.0,243
7urv,445,0.0,0.0,0.0,0.0,47
7ul6,878,0.0,0.0,0.0,0.0,100
7ux7,739,0.5435434186821178,0.3353115727002967,0.48214285714285715,0.6567164179104478,337
7vp6,91,0.9236289992903735,0.7657657657657657,0.9636363636363636,1.0,111
7vpf,546,0.0,0.0,0.0,0.0,67
7vq4,800,0.11076140961855288,0.06285714285714286,0.06896551724137931,0.17142857142857143,175
7vw2,170,0.3341817523836224,0.23076923076923078,0.25862068965517243,0.391304347826087,117
7vw0,181,0.35100542015792874,0.2097902097902098,0.3380281690140845,0.5,143
7vw1,177,0.3324713275029942,0.23577235772357724,0.29508196721311475,0.375,123
7vqk,386,0.7387832312467768,0.5321100917431193,0.7614678899082569,0.813953488372093,218
7vlj,364,0.8714861397944733,0.6608187134502924,0.9294117647058824,1.0,171
7vub,298,0.07985087216135887,0.02531645569620253,0.05128205128205128,0.06666666666666667,79
7vq5,800,0.11391221757946315,0.06914893617021277,0.07446808510638298,0.16216216216216217,188
7vwk,500,0.0,0.0,0.0,0.0,65
7vsi,616,0.0,0.0,0.0,0.0,28
7vq7,778,0.07534773329350722,0.06832298136645963,0.075,0.09375,161
7vwb,300,0.07254935900122018,0.02531645569620253,0.05128205128205128,0.06666666666666667,79
7w0w,285,0.0,0.0,0.0,0.0,25
7voj,800,0.09369737425942055,0.07317073170731707,0.08536585365853659,0.1875,164
7w2o,400,0.7402823017722204,0.5,0.7105263157894737,0.8666666666666667,76
7vse,310,0.0,0.0,0.0,0.0,37
7vwt,643,0.0,0.0,0.0,0.0,94
7vxt,182,0.01104256285113435,0.015873015873015872,0.015873015873015872,0.0,126
7vq3,800,0.1083334776804586,0.059782608695652176,0.06521739130434782,0.16666666666666666,184
7w5q,231,0.0,0.0,0.0,0.0,57
7vxr,187,0.006233329616391644,0.016129032258064516,0.0,0.0,124
7wj7,488,0.04173209822689998,0.04201680672268908,0.05084745762711865,0.043478260869565216,119
7vzo,382,0.0,0.0,0.0,0.0,43
7wej,519,0.10755846590973799,0.06643356643356643,0.09090909090909091,0.10526315789473684,286
7w81,361,0.0,0.0,0.0,0.0,19
7vm0,792,0.0,0.0,0.0,0.0,35
7wgu,697,0.0,0.0,0.0,0.0,39
7wet,343,0.2150831243230042,0.16129032258064516,0.1935483870967742,0.3333333333333333,62
7wf9,245,0.06474448135860571,0.047619047619047616,0.07446808510638298,0.05405405405405406,189
7wuy,786,0.3812526651233759,0.26459143968871596,0.3046875,0.5098039215686274,257
7wmv,636,0.0,0.0,0.0,0.0,30
7weu,333,0.2235918536551472,0.12903225806451613,0.1935483870967742,0.3333333333333333,62
7w2q,399,0.3023274162603781,0.17333333333333334,0.2702702702702703,0.4,75
7wj6,485,0.042126802919390194,0.03333333333333333,0.05,0.08333333333333333,120
7wju,607,0.0,0.0,0.0,0.0,51
7wzd,684,0.02851103679683036,0.07865168539325842,0.0,0.0,89
7wn7,493,0.0,0.0,0.0,0.0,61
7wn5,236,0.0648053894349276,0.04878048780487805,0.1,0.0,41
7wvs,785,0.3831847016251734,0.26666666666666666,0.2992125984251969,0.49019607843137253,255
7wsx,806,0.0,0.0,0.0,0.0,129
7wrm,285,0.36487166075606525,0.25842696629213485,0.36363636363636365,0.47058823529411764,89
7xca,420,0.053538410002458285,0.021052631578947368,0.0425531914893617,0.10526315789473684,95
7ww0,786,0.38059008932036265,0.2619047619047619,0.29365079365079366,0.52,252
7wze,309,0.019544296671248983,0.026737967914438502,0.021505376344086023,0.0,187
7x45,244,0.1196616597542409,0.125,0.13636363636363635,0.08571428571428572,176
7xi6,112,0.7795041270449785,0.5901639344262295,0.7213114754098361,0.9166666666666666,122
7xl7,107,0.18515156984580014,0.125,0.16666666666666666,0.3333333333333333,48
7wko,398,0.0,0.0,0.0,0.0,156
7x2p,428,0.08488461370989853,0.034482758620689655,0.07142857142857142,0.2,29
7x53,812,0.039884175000491205,0.05,0.03333333333333333,0.0,60
7xmw,142,0.0,0.0,0.0,0.0,94
7wwo,318,0.028412339795714954,0.019801980198019802,0.04,0.0,101
7x80,290,0.031803376353706475,0.05,0.05,0.0,160
7wrs,798,0.0,0.0,0.0,0.0,90
7xq5,148,0.9729601205426294,0.8333333333333334,1.0,1.0,72
7wup,766,0.16503741670339903,0.18614718614718614,0.1565217391304348,0.15217391304347827,231
7xfs,192,0.030013270746494607,0.05714285714285714,0.0,0.0,35
7x4t,590,0.0,0.0,0.0,0.0,31
7x2y,684,0.026096144507147923,0.07608695652173914,0.0,0.0,92
7x81,286,0.028239309232533878,0.041666666666666664,0.027777777777777776,0.0,144
7xwg,144,0.0,0.0,0.0,0.0,63
7xwe,152,0.01008436414818068,0.02,0.0,0.0,50
7xdu,694,0.2642987636681833,0.1393939393939394,0.21951219512195122,0.36363636363636365,165
7x1x,676,0.03874339875915202,0.07526881720430108,0.043478260869565216,0.0,93
7xgt,543,0.08076385064986319,0.07317073170731707,0.07317073170731707,0.125,82
7xhv,369,0.6520468693887467,0.37662337662337664,0.5974025974025974,0.9,154
7xi3,601,0.4372729775391888,0.21951219512195122,0.37254901960784315,0.5853658536585366,205
7xrb,440,0.0,0.0,0.0,0.0,24
7xky,464,0.009941919539638038,0.027522935779816515,0.018518518518518517,0.0,109
7xt2,776,0.0,0.0,0.0,0.0,280
7xyy,764,0.004466780797412465,0.006535947712418301,0.0,0.0,153
7y3w,856,0.0,0.0,0.0,0.0,39
7y9h,678,0.06643434017661015,0.04838709677419355,0.06451612903225806,0.08333333333333333,62
7xro,410,0.4262546770478511,0.2692307692307692,0.4230769230769231,0.5,104
7xf2,840,0.016544129095950023,0.012605042016806723,0.01680672268907563,0.0425531914893617,238
7yfu,88,0.8115716937611851,0.6470588235294118,0.7647058823529411,1.0,34
7y8s,563,0.0,0.0,0.0,0.0,93
7xz0,772,0.03619974102655622,0.031914893617021274,0.03546099290780142,0.05357142857142857,282
7xw7,794,0.0,0.0,0.0,0.0,51
7y40,427,0.0,0.0,0.0,0.0,21
7y3y,880,0.0,0.0,0.0,0.0,41
7xux,726,0.0,0.0,0.0,0.0,41
7y5y,304,0.0,0.0,0.0,0.0,51
7y0y,370,0.5377143003838663,0.38095238095238093,0.5,0.6875,84
7y0z,385,0.7004243564825295,0.5061728395061729,0.675,0.75,81
7xz1,764,0.024570732101855005,0.025,0.04,0.0,200
7yao,429,0.0,0.0,0.0,0.0,25
7y4s,686,0.0,0.0,0.0,0.0,233
7ygl,362,0.46297480741681707,0.17105263157894737,0.34210526315789475,0.8,76
7yfj,189,0.7358078277270179,0.55,0.7,0.875,40
7y79,383,0.0,0.0,0.0,0.0,41
7y9g,655,0.056986370014815844,0.06349206349206349,0.06451612903225806,0.08333333333333333,63
7ygh,362,0.4828583232852889,0.1917808219178082,0.3888888888888889,0.8571428571428571,73
7y8v,717,0.07420859663275542,0.07462686567164178,0.09090909090909091,0.07692307692307693,67
7yhl,339,0.16520098207842232,0.09375,0.125,0.3333333333333333,64
7yeo,763,0.0,0.0,0.0,0.0,105
7yh2,312,0.22164699555074488,0.15714285714285714,0.2,0.2857142857142857,70
7yni,594,0.0,0.0,0.0,0.0,29
7y8u,718,0.008941519123633206,0.014492753623188406,0.0,0.0,69
7yka,240,0.004224225979405784,0.02564102564102564,0.0,0.0,39
7ytt,138,0.0037822521310742784,0.011904761904761904,0.0,0.0,84
7yii,546,0.0,0.0,0.0,0.0,87
7ytu,128,0.0,0.0,0.0,0.0,84
7ynk,578,0.0,0.0,0.0,0.0,29
7ylq,951,0.004014216594854479,0.01098901098901099,0.0,0.0,91
7y8x,717,0.0,0.0,0.0,0.0,70
7ynj,592,0.0,0.0,0.0,0.0,31
7yp5,838,0.06357261940497703,0.06086956521739131,0.08771929824561403,0.0,115
7yn2,695,0.0,0.0,0.0,0.0,188
7yls,593,0.0012457328316953043,0.009900990099009901,0.0,0.0,101
7z5i,112,0.9888160153113202,0.92,1.0,1.0,50
7z5k,112,0.9931812511693195,0.94,1.0,1.0,50
7yr9,292,0.0,0.0,0.0,0.0,23
7ysk,673,0.2791967197023457,0.24786324786324787,0.22413793103448276,0.34782608695652173,117
7ypd,480,0.03370440383828733,0.032679738562091505,0.039473684210526314,0.03333333333333333,153
7ysl,674,0.2828207711698513,0.23148148148148148,0.2222222222222222,0.38095238095238093,108
7zg6,104,0.9698398724759626,0.8487394957983193,0.9830508474576272,1.0,119
7yun,183,0.0,0.0,0.0,0.0,7
7yra,292,0.0,0.0,0.0,0.0,18
7yuj,299,0.0,0.0,0.0,0.0,69
7zj1,166,0.041449489200910274,0.0784313725490196,0.0,0.0,51
7zlq,164,0.03888266442169334,0.09803921568627451,0.0,0.0,51
7z55,371,0.2148574635560269,0.0761904761904762,0.15384615384615385,0.2857142857142857,105
7z6n,536,0.0,0.0,0.0,0.0,34
7zch,306,0.06441368947447353,0.028985507246376812,0.057971014492753624,0.14814814814814814,138
7z56,361,0.5116896843475007,0.21666666666666667,0.43333333333333335,0.75,60
7zcg,306,0.07184936668532638,0.038461538461538464,0.06153846153846154,0.15384615384615385,130
7zgt,502,0.23890920438859395,0.2,0.2,0.25,60
8a0w,136,0.5900989494485563,0.42857142857142855,0.5806451612903226,0.6666666666666666,63
7z27,334,0.036598014869651974,0.02127659574468085,0.043478260869565216,0.1111111111111111,47
7zoo,247,0.0,0.0,0.0,0.0,34
7zr2,267,0.05616903510657023,0.07051282051282051,0.0641025641025641,0.03225806451612903,156
7zop,252,0.0,0.0,0.0,0.0,34
8a60,739,0.012840006418786739,0.017857142857142856,0.017857142857142856,0.0,112
7zcv,568,0.17146515393912523,0.11737089201877934,0.1792452830188679,0.23809523809523808,213
7zkg,504,0.2036701834282606,0.19672131147540983,0.13333333333333333,0.25,61
8a2g,289,0.0,0.0,0.0,0.0,108
8ada,132,0.2549652484712508,0.14583333333333334,0.2916666666666667,0.3333333333333333,48
8a2f,251,0.0,0.0,0.0,0.0,63
8a1f,705,0.0,0.0,0.0,0.0,98
8a9o,296,0.8425165787237152,0.676829268292683,0.8902439024390244,0.90625,164
8anu,134,0.031549500957840274,0.039603960396039604,0.04,0.05,101
8and,181,0.3680906572000343,0.23636363636363636,0.3170731707317073,0.48484848484848486,165
8ant,159,0.15380130042706414,0.09219858156028368,0.11428571428571428,0.21428571428571427,141
8aep,792,0.0,0.0,0.0,0.0,104
8a3o,636,0.378186196874895,0.23300970873786409,0.35294117647058826,0.55,103
8a82,468,0.0,0.0,0.0,0.0,84
8aa9,356,0.02975473063019735,0.06557377049180328,0.0,0.0,61
8a2n,580,0.0,0.0,0.0,0.0,114
8a9n,299,0.8109114234691963,0.6338797814207651,0.8131868131868132,0.9444444444444444,183
8ag3,322,0.006795449758922523,0.038461538461538464,0.0,0.0,52
8alo,236,0.05115604111119789,0.043478260869565216,0.06521739130434782,0.05555555555555555,92
8ayj,552,0.3966919396400714,0.2824427480916031,0.3076923076923077,0.5,131
8ai6,643,0.0,0.0,0.0,0.0,72
8ahr,542,0.16303384440010707,0.12598425196850394,0.14285714285714285,0.16,127
8aie,551,0.4001148154859349,0.2867647058823529,0.3088235294117647,0.48148148148148145,136
8ai3,640,0.0,0.0,0.0,0.0,65
8arf,193,0.2182413906419969,0.18604651162790697,0.265625,0.2,129
8ako,507,0.0,0.0,0.0,0.0,39
8ai1,637,0.0,0.0,0.0,0.0,70
8bgt,638,0.0,0.0,0.0,0.0,28
8b5s,725,0.0,0.0,0.0,0.0,23
8bir,640,0.41800365967127756,0.3147208121827411,0.41836734693877553,0.48717948717948717,197
8ayk,551,0.4050962998720852,0.3,0.3230769230769231,0.5,130
8b8v,397,0.007409417320205207,0.0125,0.0,0.0,80
8b63,729,0.0,0.0,0.0,0.0,27
8bie,636,0.5221890484135866,0.35135135135135137,0.532608695652174,0.6216216216216216,185
8b3s,387,0.0,0.0,0.0,0.0,72
8b73,810,0.0,0.0,0.0,0.0,51
8c26,123,0.0011795175315081926,0.01694915254237288,0.0,0.0,59
8bij,636,0.5065680751307094,0.3368421052631579,0.49473684210526314,0.631578947368421,190
8brf,282,0.0,0.0,0.0,0.0,65
8b7f,736,0.0,0.0,0.0,0.0,99
8bpt,278,0.0,0.0,0.0,0.0,30
8bbq,645,0.018052078546303772,0.04918032786885246,0.0,0.0,61
8btj,805,0.0,0.0,0.0,0.0,178
8bic,641,0.43821538470195415,0.3212669683257919,0.39090909090909093,0.5454545454545454,221
8bao,735,0.39418856099077715,0.16326530612244897,0.3013698630136986,0.6206896551724138,147
8cbc,904,0.0,0.0,0.0,0.0,39
8c8e,136,0.06905612596615178,0.05982905982905983,0.08620689655172414,0.13043478260869565,117
8btn,337,0.0,0.0,0.0,0.0,112
8bxt,427,0.0,0.0,0.0,0.0,21
8bzr,244,0.0,0.0,0.0,0.0,35
8chw,134,0.7001266307850671,0.5784313725490197,0.7058823529411765,0.8,102
8bve,795,0.4138050870923128,0.27530364372469635,0.3333333333333333,0.4897959183673469,247
8buy,260,0.02398556646753246,0.026490066225165563,0.02666666666666667,0.03333333333333333,151
8c84,183,0.7734407762675525,0.45549738219895286,0.8210526315789474,0.9736842105263158,191
8bvk,439,0.04583603069423569,0.022727272727272728,0.045454545454545456,0.058823529411764705,88
8bv8,424,0.0,0.0,0.0,0.0,34
8ckl,197,0.05971766590216997,0.06040268456375839,0.08108108108108109,0.06896551724137931,149
8clt,611,0.09381501502567546,0.06944444444444445,0.08333333333333333,0.21428571428571427,72
8cf3,502,0.17715638793304983,0.35714285714285715,0.21428571428571427,0.0,28
8chu,283,0.021036997560239565,0.04918032786885246,0.03333333333333333,0.0,61
8clu,615,0.08491812154166564,0.0684931506849315,0.08333333333333333,0.21428571428571427,73
8cil,718,0.018354241631409852,0.03529411764705882,0.023809523809523808,0.0,85
8ckm,205,0.0695245931281982,0.04430379746835443,0.08860759493670886,0.0967741935483871,158
8ceg,407,0.4863875169671553,0.31496062992125984,0.3968253968253968,0.6,127
8cut,337,0.0,0.0,0.0,0.0,37
8ckg,209,0.07081080688827089,0.043478260869565216,0.0875,0.09375,161
8cid,688,0.0,0.0,0.0,0.0,187
8cus,336,0.0,0.0,0.0,0.0,36
8d0c,280,0.0,0.0,0.0,0.0,28
8cqm,451,0.0,0.0,0.0,0.0,23
8cm0,273,0.06494478027375146,0.028037383177570093,0.04672897196261682,0.07142857142857142,214
8czj,591,0.005285071437950414,0.01818181818181818,0.0,0.0,55
8d4i,922,0.20924530464420696,0.16317991631799164,0.2184873949579832,0.2978723404255319,239
8cp3,495,0.12145670699881445,0.07407407407407407,0.08955223880597014,0.18518518518518517,135
8cqo,354,0.0,0.0,0.0,0.0,276
8d0j,280,0.0,0.0,0.0,0.0,32
8d0d,280,0.0,0.0,0.0,0.0,30
8ctk,376,0.0,0.0,0.0,0.0,134
8cwz,338,0.0,0.0,0.0,0.0,40
8cdp,654,0.0,0.0,0.0,0.0,235
8d3z,798,0.0,0.0,0.0,0.0,135
8d0f,280,0.0,0.0,0.0,0.0,30
8d5r,920,0.2087705280568498,0.15057915057915058,0.20155038759689922,0.27450980392156865,259
8d0e,280,0.0,0.0,0.0,0.0,29
8cqn,372,0.0,0.0,0.0,0.0,292
8d88,922,0.2181867200841729,0.1646586345381526,0.22580645161290322,0.32653061224489793,249
8dax,496,0.03673282235458103,0.08045977011494253,0.046511627906976744,0.0,87
8dgg,631,0.0,0.0,0.0,0.0,36
8d0g,279,0.0,0.0,0.0,0.0,27
8dfx,425,0.0,0.0,0.0,0.0,21
8d0i,280,0.0,0.0,0.0,0.0,31
8d0h,280,0.0,0.0,0.0,0.0,32
8cxl,934,0.0,0.0,0.0,0.0,161
8d5d,910,0.205816498011187,0.1638655462184874,0.20168067226890757,0.2765957446808511,238
8dc5,436,0.0,0.0,0.0,0.0,17
8dkq,769,0.12969179404474757,0.08333333333333333,0.16666666666666666,0.14285714285714285,36
8dtq,164,0.4934077225248878,0.3448275862068966,0.41379310344827586,0.6363636363636364,58
8dkp,774,0.10242070746319563,0.05172413793103448,0.10344827586206896,0.09090909090909091,58
8dek,881,0.0,0.0,0.0,0.0,77
8dko,777,0.12470929525368846,0.05454545454545454,0.1111111111111111,0.2727272727272727,55
8dtc,748,0.10733712889486319,0.12307692307692308,0.1076923076923077,0.11538461538461539,130
8dpa,266,0.0004134146762565962,0.0045662100456621,0.0,0.0,219
8dss,191,0.013819678385335838,0.038461538461538464,0.0,0.0,26
8ds6,669,0.0,0.0,0.0,0.0,75
8du5,732,0.08196357597340939,0.025,0.05,0.125,40
8dzj,613,0.0,0.0,0.0,0.0,51
8dye,654,0.0,0.0,0.0,0.0,118
8dl5,809,0.38132084537559796,0.28270042194092826,0.3644067796610169,0.5319148936170213,237
8e8t,806,0.0,0.0,0.0,0.0,8
8ejo,112,0.5129394071455107,0.3333333333333333,0.5,0.75,21
8eab,238,0.16560874794847538,0.12,0.12,0.2,50
8ea6,245,0.14356061038609122,0.06153846153846154,0.09375,0.23076923076923078,65
8ejp,112,0.5219197108361195,0.35,0.5,0.75,20
8eaa,243,0.0939256485667072,0.0821917808219178,0.08333333333333333,0.07142857142857142,73
8ea8,243,0.10773650828285065,0.06976744186046512,0.11627906976744186,0.058823529411764705,86
8e90,924,0.0,0.0,0.0,0.0,72
8ea5,238,0.17862219398391443,0.11475409836065574,0.16666666666666666,0.25,61
8ea9,241,0.12619575461119922,0.15492957746478872,0.11428571428571428,0.14285714285714285,71
8ea7,237,0.1516082809521792,0.1,0.16,0.2,50
8ey4,144,0.014431240620019372,0.01639344262295082,0.03333333333333333,0.0,61
8er5,245,0.03795677855220196,0.023255813953488372,0.047619047619047616,0.0,43
8edi,400,0.0,0.0,0.0,0.0,32
8enf,188,0.6893811204849368,0.45901639344262296,0.6229508196721312,0.9166666666666666,122
8ek4,269,0.0011907889077740215,0.011235955056179775,0.0,0.0,89
8ejv,506,0.4117286210882503,0.215962441314554,0.33962264150943394,0.5476190476190477,213
8f5v,334,0.32279080945604555,0.14150943396226415,0.24528301886792453,0.38095238095238093,106
8eju,511,0.39180035228168175,0.2,0.325,0.5833333333333334,240
8ero,728,0.0,0.0,0.0,0.0,5
8fcf,162,0.9180723392098887,0.8495575221238938,0.9285714285714286,0.9090909090909091,113
8evm,472,0.07693378001214504,0.034722222222222224,0.05555555555555555,0.14285714285714285,144
8erw,509,0.02799132697844769,0.045454545454545456,0.03409090909090909,0.0,176
8ehe,476,0.0,0.0,0.0,0.0,119
8end,189,0.6654583927743145,0.4214876033057851,0.6166666666666667,0.875,121
8es5,292,0.12600293156380504,0.08547008547008547,0.10344827586206896,0.13043478260869565,117
8em1,973,0.32009326139822214,0.16091954022988506,0.23255813953488372,0.47058823529411764,87
8erp,728,0.0,0.0,0.0,0.0,5
8fiq,197,0.0,0.0,0.0,0.0,69
8far,339,0.0,0.0,0.0,0.0,38
8fio,670,0.0,0.0,0.0,0.0,33
8feu,668,0.0,0.0,0.0,0.0,46
8f8f,696,0.662955344778231,0.36774193548387096,0.6363636363636364,0.8709677419354839,155
8fje,272,0.14872038076087574,0.09259259259259259,0.1111111111111111,0.1,54
8fet,668,0.0,0.0,0.0,0.0,43
8fin,347,0.0,0.0,0.0,0.0,70
8fjd,595,0.0,0.0,0.0,0.0,51
8fm6,196,0.0,0.0,0.0,0.0,5
8fex,891,0.0,0.0,0.0,0.0,184
8fev,668,0.0,0.0,0.0,0.0,45
8fvt,192,0.0,0.0,0.0,0.0,10
8few,668,0.0,0.0,0.0,0.0,46
8g93,529,0.8501737391497853,0.6168831168831169,0.8571428571428571,1.0,154
8g0p,241,0.10784088819929678,0.05084745762711865,0.07954545454545454,0.14285714285714285,177
8g9k,400,0.11241613795398098,0.07777777777777778,0.08888888888888889,0.1111111111111111,90
8g3k,285,0.017605847413756457,0.03125,0.0,0.0,32
8gkv,84,0.9521761915457305,0.7894736842105263,0.9642857142857143,1.0,57
8gad,209,0.2970374978814334,0.11428571428571428,0.17647058823529413,0.42857142857142855,35
8g5s,717,0.344826393105997,0.2588996763754045,0.33116883116883117,0.3770491803278688,309
8gpw,794,0.0,0.0,0.0,0.0,43
8gxm,241,0.027622928935024552,0.027777777777777776,0.05555555555555555,0.0,36
8gyg,596,0.3886748605069858,0.24479166666666666,0.3854166666666667,0.4473684210526316,192
8gyh,838,0.035150114657717106,0.03755868544600939,0.02830188679245283,0.047619047619047616,213
8h0r,178,0.7569997630654023,0.509090909090909,0.7407407407407407,1.0,55
8gyx,760,0.0,0.0,0.0,0.0,17
8gyw,760,0.0,0.0,0.0,0.0,15
8gy8,750,0.0,0.0,0.0,0.0,77
8ght,608,0.05199139151499712,0.05504587155963303,0.07407407407407407,0.0,109
8gp6,546,0.010294290896333396,0.008333333333333333,0.016666666666666666,0.0,240
8gyf,427,0.0,0.0,0.0,0.0,21
8gvl,573,0.0,0.0,0.0,0.0,14
8gyi,839,0.5428425821239881,0.30569948186528495,0.53125,0.7631578947368421,193
8gxl,241,0.043936168164930435,0.027777777777777776,0.05555555555555555,0.0,36
8gyz,427,0.008666240725720203,0.009433962264150943,0.018867924528301886,0.0,106
8h2d,278,0.0008650519031141869,0.029411764705882353,0.0,0.0,34
8h56,308,0.00512309160243212,0.013986013986013986,0.0,0.0,143
8guo,248,0.025213423333305177,0.05303030303030303,0.030303030303030304,0.0,132
8h3z,401,0.3175832828768436,0.2184873949579832,0.3050847457627119,0.34782608695652173,119
8hdh,615,0.0,0.0,0.0,0.0,31
8heh,288,0.0,0.0,0.0,0.0,44
8hb0,615,0.0,0.0,0.0,0.0,30
8h92,401,0.0,0.0,0.0,0.0,57
8hhj,200,0.005307628010522369,0.012987012987012988,0.0,0.0,77
8gz0,318,0.027719052130239327,0.01834862385321101,0.037037037037037035,0.047619047619047616,109
8hez,611,0.0,0.0,0.0,0.0,32
8hdv,260,0.01679962454000297,0.013422818791946308,0.02702702702702703,0.034482758620689655,149
8hja,264,0.11668379990864138,0.10526315789473684,0.12121212121212122,0.11538461538461539,133
8hav,798,0.0,0.0,0.0,0.0,54
8hi7,564,0.0,0.0,0.0,0.0,114
8hin,617,0.0,0.0,0.0,0.0,30
8h4p,652,0.24709896122016978,0.19736842105263158,0.27631578947368424,0.3,152
8hgj,385,0.0,0.0,0.0,0.0,17
8har,714,0.47078813893001736,0.2916666666666667,0.3819444444444444,0.5964912280701754,288
8hbn,536,0.27012429105875435,0.11797752808988764,0.19101123595505617,0.42857142857142855,178
8hgv,565,0.0,0.0,0.0,0.0,16
8hf3,419,0.019338275400583034,0.024691358024691357,0.025,0.0,81
8hle,760,0.0,0.0,0.0,0.0,30
8hi8,564,0.0,0.0,0.0,0.0,105
8hjb,371,0.5989074078656383,0.41333333333333333,0.5675675675675675,0.7333333333333333,75
8hfc,498,0.0,0.0,0.0,0.0,148
8hg7,619,0.0,0.0,0.0,0.0,29
8hkr,762,0.0,0.0,0.0,0.0,90
8hn0,224,0.0,0.0,0.0,0.0,43
8hno,275,0.3354369746853174,0.19736842105263158,0.23684210526315788,0.4666666666666667,76
8hnp,279,0.2217082758044252,0.14285714285714285,0.16129032258064516,0.25,63
8hr5,711,0.0,0.0,0.0,0.0,103
8i3x,120,0.04499996525207463,0.06593406593406594,0.022222222222222223,0.05555555555555555,91
8hsb,533,0.013226907290837763,0.009708737864077669,0.0196078431372549,0.0,103
8hl7,615,0.0,0.0,0.0,0.0,72
8hn2,218,0.23289547628310647,0.18181818181818182,0.2727272727272727,0.25,22
8ho2,313,0.16014541968396193,0.1518987341772152,0.23076923076923078,0.13333333333333333,79
8i8y,137,0.0,0.0,0.0,0.0,50
8htw,359,0.5431580040014247,0.26666666666666666,0.4666666666666667,0.9166666666666666,60
8hyn,315,0.10220211584523219,0.1320754716981132,0.09433962264150944,0.047619047619047616,106
8i86,565,0.0,0.0,0.0,0.0,119
8hvq,460,0.0,0.0,0.0,0.0,22
8i6j,670,0.0,0.0,0.0,0.0,359
8ifk,823,0.0012557978170432958,0.005681818181818182,0.0,0.0,176
8i8a,614,0.0,0.0,0.0,0.0,200
8i2k,392,0.665607649444479,0.47191011235955055,0.6363636363636364,0.7647058823529411,89
8i80,563,0.0,0.0,0.0,0.0,133
8i85,565,0.0,0.0,0.0,0.0,117
8i88,883,0.0,0.0,0.0,0.0,140
8iha,245,0.0,0.0,0.0,0.0,23
8iw5,92,0.08136392427337882,0.10989010989010989,0.1111111111111111,0.05555555555555555,91
8ito,147,0.4110973305513144,0.20512820512820512,0.3684210526315789,0.5714285714285714,39
8ikr,371,0.0,0.0,0.0,0.0,49
8i9q,675,0.0,0.0,0.0,0.0,13
8is2,204,0.1402770953485345,0.09523809523809523,0.12698412698412698,0.16,126
8ieu,670,0.00441689186288947,0.04201680672268908,0.0,0.0,119
8ill,425,0.0,0.0,0.0,0.0,21
8ilk,424,0.0,0.0,0.0,0.0,25
8isz,915,0.0,0.0,0.0,0.0,171
8j3j,428,0.0,0.0,0.0,0.0,20
8ioi,371,0.3089137846447846,0.1595744680851064,0.23404255319148937,0.3888888888888889,94
8j2l,427,0.0,0.0,0.0,0.0,22
8isy,957,0.0,0.0,0.0,0.0,188
8irz,750,0.0,0.0,0.0,0.0,33
8j72,552,0.0,0.0,0.0,0.0,13
8is0,750,0.0,0.0,0.0,0.0,31
8j0l,377,0.0,0.0,0.0,0.0,174
8j0k,422,0.006867867124625662,0.00558659217877095,0.011235955056179775,0.0,179
8j0r,424,0.005214210915604465,0.005681818181818182,0.011363636363636364,0.0,176
8ixw,330,0.044382809313824385,0.01818181818181818,0.024390243902439025,0.06060606060606061,165
8j2h,428,0.0,0.0,0.0,0.0,23
8jdh,289,0.00048229633830025674,0.00819672131147541,0.0,0.0,122
8j2j,428,0.0,0.0,0.0,0.0,20
8j2k,427,0.0,0.0,0.0,0.0,21
8j0q,392,0.0,0.0,0.0,0.0,173
8j1j,811,0.0,0.0,0.0,0.0,71
8j09,796,0.0,0.0,0.0,0.0,95
8j2i,428,0.0,0.0,0.0,0.0,20
8j2w,659,0.0,0.0,0.0,0.0,68
8j12,809,0.0,0.0,0.0,0.0,71
8j2y,654,0.0,0.0,0.0,0.0,83
8j84,906,0.0,0.0,0.0,0.0,218
8j3r,809,0.0,0.0,0.0,0.0,76
8jbs,449,0.010235823093222166,0.015625,0.0,0.0,64
8j64,222,0.0,0.0,0.0,0.0,59
8j4c,816,0.0,0.0,0.0,0.0,72
8j2f,768,0.0,0.0,0.0,0.0,92
8ji2,472,0.1592860140546344,0.1,0.125,0.1875,80
8ji6,470,0.15962547104124422,0.0975609756097561,0.14634146341463414,0.1875,82
8ji7,459,0.12950014319184386,0.09876543209876543,0.1,0.125,81
8jpa,263,0.008471820007272125,0.012422360248447204,0.0125,0.0,161
8jqf,575,0.0,0.0,0.0,0.0,66
8je4,584,0.0,0.0,0.0,0.0,24
8jh0,527,0.0,0.0,0.0,0.0,52
8jqe,585,0.07903735163195034,0.01694915254237288,0.034482758620689655,0.09090909090909091,59
8ji4,475,0.1636859448112559,0.0975609756097561,0.14634146341463414,0.1875,82
8ji3,459,0.14837238322670324,0.0963855421686747,0.0975609756097561,0.125,83
8jrc,344,0.5231235602693182,0.4142857142857143,0.42857142857142855,0.7142857142857143,70
8jsk,316,0.0,0.0,0.0,0.0,14
8k89,146,0.9766540827972502,0.8571428571428571,1.0,1.0,42
8k8a,121,0.9848832562914054,0.918918918918919,1.0,1.0,37
8jmr,338,0.09018050264636365,0.05555555555555555,0.06172839506172839,0.125,162
8jsf,501,0.2101145732658642,0.152317880794702,0.22666666666666666,0.16666666666666666,151
8jmq,342,0.05440369628252963,0.029940119760479042,0.03614457831325301,0.09090909090909091,167
8ju7,204,0.0,0.0,0.0,0.0,56
8jqk,677,0.0,0.0,0.0,0.0,19
8kdl,821,0.2744325698375788,0.1780821917808219,0.24770642201834864,0.3488372093023256,219
8jtk,299,0.019860968054913913,0.005747126436781609,0.011494252873563218,0.029411764705882353,174
8jsz,518,0.10614529455484413,0.07883817427385892,0.125,0.125,241
8ji5,461,0.13182980635923255,0.09876543209876543,0.1,0.125,81
8k86,121,0.9701301921454412,0.8918918918918919,1.0,1.0,37
8jzu,488,0.028972059042728433,0.01639344262295082,0.03333333333333333,0.08333333333333333,61
8k1r,814,0.0,0.0,0.0,0.0,90
8k74,652,0.6029789709981211,0.39473684210526316,0.5131578947368421,0.8,152
8jtu,384,0.0,0.0,0.0,0.0,19
8ka6,292,0.0,0.0,0.0,0.0,83
8k11,526,0.00696346491744073,0.013513513513513514,0.0,0.0,74
8k1d,610,0.0,0.0,0.0,0.0,59
8k0h,400,0.0,0.0,0.0,0.0,151
8k9c,405,0.028298780946667178,0.009615384615384616,0.019230769230769232,0.05,104
8k3g,865,0.0,0.0,0.0,0.0,74
8k4l,394,0.11695770805823692,0.04945054945054945,0.08791208791208792,0.16666666666666666,182
8k1b,508,0.0,0.0,0.0,0.0,55
8kbf,254,0.07040087790510985,0.07555555555555556,0.08928571428571429,0.06666666666666667,225
8kbe,255,0.10201308056663122,0.061946902654867256,0.10619469026548672,0.1111111111111111,226
8kdz,512,0.0,0.0,0.0,0.0,32
8ke8,396,0.621097323969554,0.3875968992248062,0.5625,0.84,129
8ken,448,0.33876619142989955,0.19642857142857142,0.25,0.36363636363636365,112
8of7,258,0.016788090510166165,0.010638297872340425,0.02127659574468085,0.0,94
8ofj,304,0.0,0.0,0.0,0.0,32
8khg,541,0.0,0.0,0.0,0.0,108
8k76,478,0.13716518449070114,0.12087912087912088,0.2,0.16666666666666666,91
8oqj,109,0.19086369640808962,0.05454545454545454,0.1111111111111111,0.2727272727272727,55
8k34,863,0.0,0.0,0.0,0.0,180
8kht,569,0.0,0.0,0.0,0.0,38
8owi,109,0.6823278083011161,0.5555555555555556,0.75,0.7142857142857143,72
8kge,486,0.07664565547470527,0.039735099337748346,0.04,0.06666666666666667,151
8oot,556,0.03949745591062546,0.037037037037037035,0.04938271604938271,0.0625,162
8okh,331,0.0,0.0,0.0,0.0,56
8okd,582,0.0,0.0,0.0,0.0,86
8onl,544,0.19989849076025415,0.15,0.21666666666666667,0.25,120
8oof,556,0.02859432837173193,0.024390243902439025,0.036585365853658534,0.03125,164
8otv,423,0.39348072978683585,0.21455938697318008,0.3153846153846154,0.6153846153846154,261
8oro,546,0.0,0.0,0.0,0.0,21
8p0s,257,0.20337538236309163,0.10344827586206896,0.1724137931034483,0.20588235294117646,174
8onm,551,0.4029361929207237,0.2878787878787879,0.30303030303030304,0.5,132
8onj,546,0.28270424432940056,0.2109375,0.265625,0.28,128
8oqx,561,0.11692266431129814,0.1111111111111111,0.0967741935483871,0.08333333333333333,63
8ozc,913,0.0,0.0,0.0,0.0,183
8p6k,218,0.11675933493864332,0.06493506493506493,0.09090909090909091,0.1,154
8oxg,737,0.0,0.0,0.0,0.0,49
8pdk,276,0.0,0.0,0.0,0.0,36
8pr6,157,0.07147344517333964,0.021505376344086023,0.043478260869565216,0.1111111111111111,93
8pd4,398,0.0,0.0,0.0,0.0,102
8pfa,275,0.0,0.0,0.0,0.0,34
8pfd,285,0.0,0.0,0.0,0.0,52
8pxe,162,0.3206500431925094,0.2743362831858407,0.39285714285714285,0.36363636363636365,113
8ows,239,0.0,0.0,0.0,0.0,74
8pzo,245,0.0,0.0,0.0,0.0,7
8pb8,620,0.0,0.0,0.0,0.0,18
8pe0,282,0.0,0.0,0.0,0.0,34
8p6m,260,0.0,0.0,0.0,0.0,32
8puh,158,0.0,0.0,0.0,0.0,39
8pb3,620,0.0,0.0,0.0,0.0,24
8pdo,702,0.002588889899367169,0.00641025641025641,0.0,0.0,156
8phb,751,0.07960929077062776,0.04477611940298507,0.07,0.05,201
8po5,249,0.0,0.0,0.0,0.0,6
8pno,401,0.0,0.0,0.0,0.0,46
8pe3,765,0.23483187483893875,0.08755760368663594,0.1388888888888889,0.3023255813953488,217
8pcw,698,0.27357739634935324,0.11016949152542373,0.1864406779661017,0.43478260869565216,118
8puj,644,0.0,0.0,0.0,0.0,24
8ps0,744,0.0,0.0,0.0,0.0,27
8q1k,838,0.0,0.0,0.0,0.0,69
8pxf,428,0.38683309788440673,0.2524271844660194,0.37254901960784315,0.45,103
8q28,471,0.0,0.0,0.0,0.0,27
8q29,483,0.0,0.0,0.0,0.0,33
8q1o,356,0.0,0.0,0.0,0.0,8
8qc5,728,0.05513639610152577,0.07092198581560284,0.07142857142857142,0.0,141
8qfp,307,0.0,0.0,0.0,0.0,68
8q5o,300,0.03018711873822431,0.03529411764705882,0.047619047619047616,0.0,85
8q44,872,0.10987876923773598,0.05389221556886228,0.07228915662650602,0.12121212121212122,167
8pzh,232,0.0,0.0,0.0,0.0,6
8qfq,297,0.0,0.0,0.0,0.0,12
8q8g,538,0.0,0.0,0.0,0.0,30
8q43,839,0.08248433920544382,0.049079754601226995,0.07407407407407407,0.09375,163
8pz3,586,0.0,0.0,0.0,0.0,136
8q3y,872,0.19026081641786555,0.08433734939759036,0.12195121951219512,0.3125,83
8pqp,308,0.0,0.0,0.0,0.0,48
8pu1,266,0.024320024175852144,0.0125,0.025,0.0625,80
8q8o,276,0.0,0.0,0.0,0.0,47
8qef,778,0.0,0.0,0.0,0.0,60
8q1x,837,0.0,0.0,0.0,0.0,65
8q42,865,0.13240475209461527,0.07738095238095238,0.08333333333333333,0.15151515151515152,168
8q66,513,0.0,0.0,0.0,0.0,135
8q90,294,0.8872207054428499,0.6963350785340314,0.9578947368421052,1.0,191
8q3z,874,0.13256613552835209,0.06976744186046512,0.08139534883720931,0.14705882352941177,172
8q40,874,0.1324723943721482,0.05847953216374269,0.08235294117647059,0.14705882352941177,171
8q0t,546,0.0,0.0,0.0,0.0,49
8qfn,304,0.0,0.0,0.0,0.0,71
8q9y,938,0.1479283511248868,0.07389162561576355,0.1188118811881188,0.175,203
8q9x,937,0.15096460568822886,0.07653061224489796,0.12244897959183673,0.1794871794871795,196
8q41,846,0.12500258556730395,0.057692307692307696,0.08974358974358974,0.1935483870967742,156
8q0e,483,0.09659321734142012,0.05555555555555555,0.0784313725490196,0.14754098360655737,306
8qck,922,0.2238827478100782,0.23766816143497757,0.2702702702702703,0.20454545454545456,223
8qcl,779,0.0,0.0,0.0,0.0,61
8q6u,331,0.7505242123176941,0.5076923076923077,0.78125,0.8461538461538461,65
8q5n,306,0.15039285732846006,0.12962962962962962,0.16666666666666666,0.19047619047619047,108
8qfo,308,0.0,0.0,0.0,0.0,72
8qfm,296,0.0,0.0,0.0,0.0,67
8qbf,542,0.1829252386778252,0.10749185667752444,0.1111111111111111,0.22950819672131148,307
8qc3,728,0.04350741985376893,0.06015037593984962,0.045454545454545456,0.0,133
8qc6,731,0.05301213217598438,0.07352941176470588,0.04411764705882353,0.0,136
8qhp,820,0.0,0.0,0.0,0.0,86
8qcj,916,0.1478397928707473,0.18061674008810572,0.168141592920354,0.15555555555555556,227
8qfl,300,0.0,0.0,0.0,0.0,69
8qpl,657,0.0,0.0,0.0,0.0,31
8qf0,1018,0.0,0.0,0.0,0.0,102
8qlo,892,0.0025662297514815265,0.003861003861003861,0.0,0.0,259
8r07,205,0.0,0.0,0.0,0.0,29
8qj5,822,0.0,0.0,0.0,0.0,83
8r4m,209,0.006587196061332938,0.017543859649122806,0.0,0.0,57
8r1z,658,0.0,0.0,0.0,0.0,71
8r2v,638,0.21850976281195547,0.2113095238095238,0.2261904761904762,0.23880597014925373,336
8r3f,205,0.0,0.0,0.0,0.0,29
8r4l,222,0.0,0.0,0.0,0.0,51
8r4z,681,0.0,0.0,0.0,0.0,11
8r2w,580,0.21838246613070697,0.20095693779904306,0.23076923076923078,0.2682926829268293,209
8r7a,187,0.006975685331840366,0.012269938650306749,0.012345679012345678,0.0,163
8r2t,827,0.0,0.0,0.0,0.0,45
8rhi,549,0.0,0.0,0.0,0.0,82
8r8q,732,0.0,0.0,0.0,0.0,60
8r66,418,0.1042043993011282,0.125,0.10714285714285714,0.09090909090909091,56
8rb7,360,0.0,0.0,0.0,0.0,28
8rgi,234,0.331999786786516,0.22077922077922077,0.2727272727272727,0.43333333333333335,154
8r1u,658,0.0,0.0,0.0,0.0,66
8rg5,704,0.0,0.0,0.0,0.0,20
8rho,242,0.0,0.0,0.0,0.0,79
8rwu,184,0.05381728010476058,0.045454545454545456,0.030303030303030304,0.07692307692307693,66
8rd3,846,0.0,0.0,0.0,0.0,127
8rvc,680,0.0,0.0,0.0,0.0,10
8s1j,602,0.0,0.0,0.0,0.0,58
8rqj,260,0.0,0.0,0.0,0.0,76
8rx4,918,0.2256314137999906,0.2599118942731278,0.23008849557522124,0.2222222222222222,227
8rv3,252,0.3034205063887664,0.14545454545454545,0.2222222222222222,0.5454545454545454,55
8rkh,438,0.0,0.0,0.0,0.0,70
8rp5,708,0.4305050434304061,0.3110236220472441,0.40551181102362205,0.5346534653465347,508
8rp4,708,0.45161759389392664,0.31176470588235294,0.4196078431372549,0.5784313725490197,510
8rxo,194,0.06332547163386264,0.04838709677419355,0.0967741935483871,0.08333333333333333,62
8rtv,790,0.0,0.0,0.0,0.0,68
8s71,346,0.0,0.0,0.0,0.0,15
8s2m,260,0.05121128643860147,0.06521739130434782,0.06521739130434782,0.0,92
8s6s,346,0.0,0.0,0.0,0.0,17
8se6,242,0.1714326561287429,0.11666666666666667,0.16666666666666666,0.25,60
8rp3,708,0.43015128770503247,0.30861723446893785,0.40562248995983935,0.5050505050505051,499
8s2p,374,0.018906171002396426,0.01694915254237288,0.034482758620689655,0.0,59
8s2f,361,0.025620392721231174,0.012658227848101266,0.02564102564102564,0.06666666666666667,79
8ryf,453,0.006058589570490856,0.012048192771084338,0.0,0.0,83
8s6r,443,0.28457447849290096,0.13157894736842105,0.21052631578947367,0.4666666666666667,152
8s4s,258,0.0,0.0,0.0,0.0,37
8s0u,514,0.0,0.0,0.0,0.0,55
8s6q,404,0.44460653273585016,0.2441860465116279,0.3488372093023256,0.5882352941176471,86
8sbq,554,0.004616453625413587,0.012853470437017995,0.0,0.0,389
8rmw,708,0.43366855528630416,0.3089108910891089,0.4126984126984127,0.5148514851485149,505
8smd,247,0.03861432963192934,0.027522935779816515,0.03669724770642202,0.046511627906976744,218
8se5,239,0.09998759510102495,0.07692307692307693,0.125,0.07692307692307693,65
8srz,176,0.12312365908118365,0.05555555555555555,0.1111111111111111,0.2857142857142857,36
8s86,785,0.0,0.0,0.0,0.0,61
8siu,383,0.021180333727123826,0.038461538461538464,0.02564102564102564,0.0,78
8snz,319,0.0,0.0,0.0,0.0,14
8squ,841,0.0,0.0,0.0,0.0,129
8t19,94,0.0,0.0,0.0,0.0,37
8s5t,336,0.004254635005401245,0.015789473684210527,0.0,0.0,190
8stb,428,0.0,0.0,0.0,0.0,93
8ss1,189,0.0,0.0,0.0,0.0,26
8sm0,529,0.0,0.0,0.0,0.0,49
8t7i,425,0.8758056335444712,0.6917293233082706,0.8939393939393939,0.9615384615384616,133
8sy2,396,0.0,0.0,0.0,0.0,65
8tk9,260,0.23125967305514694,0.14754098360655737,0.2,0.25,61
8t66,311,0.1562672055443743,0.09009009009009009,0.12727272727272726,0.18181818181818182,111
8tgm,768,0.0,0.0,0.0,0.0,35
8ta2,926,0.030678122627561366,0.030303030303030304,0.061224489795918366,0.0,99
8syc,710,0.6380528827513261,0.45,0.6,1.0,40
8t65,308,0.3319289612790615,0.13559322033898305,0.27586206896551724,0.45454545454545453,59
8sy3,409,0.0,0.0,0.0,0.0,64
8t87,554,0.0047990416169742854,0.01256281407035176,0.0,0.0,398
8tgj,760,0.0,0.0,0.0,0.0,38
8tgi,767,0.0,0.0,0.0,0.0,37
8tgk,766,0.0,0.0,0.0,0.0,37
8tjk,629,0.591011368129703,0.43043478260869567,0.5565217391304348,0.6739130434782609,230
8tfz,354,0.0,0.0,0.0,0.0,19
8tlk,206,0.0,0.0,0.0,0.0,7
8tlh,208,0.0,0.0,0.0,0.0,9
8tgl,760,0.0,0.0,0.0,0.0,36
8tka,664,0.0,0.0,0.0,0.0,45
8tyy,244,0.22962700306763276,0.1322314049586777,0.25,0.25,121
8tji,631,0.6209725317399054,0.4649122807017544,0.5526315789473685,0.7555555555555555,228
8tfw,554,0.0031311611735014813,0.010126582278481013,0.0,0.0,395
8tm2,418,0.0,0.0,0.0,0.0,62
8tgn,761,0.0,0.0,0.0,0.0,40
8tl8,669,0.0,0.0,0.0,0.0,46
8twt,472,0.1460410427777281,0.0963855421686747,0.12195121951219512,0.1875,83
8tm0,416,0.0,0.0,0.0,0.0,62
8tn8,505,0.0,0.0,0.0,0.0,125
8tyx,244,0.2148908328531282,0.11965811965811966,0.20689655172413793,0.21739130434782608,117
8twq,540,0.0932561014329838,0.047244094488188976,0.06349206349206349,0.16,127
8u48,522,0.0,0.0,0.0,0.0,28
8tpk,645,0.022643068860244697,0.015337423312883436,0.018404907975460124,0.015384615384615385,326
8tgg,758,0.0,0.0,0.0,0.0,38
8u1a,647,0.0,0.0,0.0,0.0,22
8tgh,767,0.0,0.0,0.0,0.0,37
8tj3,833,0.0,0.0,0.0,0.0,142
8tlj,208,0.0,0.0,0.0,0.0,9
8u0g,445,0.023033248455378758,0.017391304347826087,0.02608695652173913,0.021739130434782608,230
8u99,782,0.0,0.0,0.0,0.0,96
8txl,551,0.41455644988395224,0.27450980392156865,0.4117647058823529,0.35,102
8t88,554,0.004678989282990768,0.012755102040816327,0.0,0.0,392
8u8l,244,0.0,0.0,0.0,0.0,7
8tww,468,0.0180643477554088,0.028985507246376812,0.029411764705882353,0.0,69
8u7b,931,0.0,0.0,0.0,0.0,187
8ul9,774,0.0,0.0,0.0,0.0,76
8ufo,540,0.026073169123848532,0.013559322033898305,0.006802721088435374,0.01694915254237288,295
8utk,110,0.13827269341731802,0.10810810810810811,0.1111111111111111,0.14285714285714285,37
8ugm,554,0.004678989282990768,0.012755102040816327,0.0,0.0,392
8un2,866,0.0,0.0,0.0,0.0,162
8uq0,786,0.10161036948845831,0.047619047619047616,0.0967741935483871,0.08333333333333333,63
8v14,334,0.0,0.0,0.0,0.0,79
8uix,556,0.002949217495958806,0.010126582278481013,0.0,0.0,395
8ufn,536,0.004404958828732876,0.0035335689045936395,0.0070921985815602835,0.0,283
8uen,669,0.0,0.0,0.0,0.0,28
8v35,830,0.031041745015138542,0.02922077922077922,0.03896103896103896,0.03278688524590164,308
8v4h,676,0.2713478582255071,0.20238095238095238,0.2857142857142857,0.3125,84
8uyf,799,0.022806460729571053,0.008771929824561403,0.017543859649122806,0.045454545454545456,114
8urt,774,0.0,0.0,0.0,0.0,68
8uq1,784,0.10075512934020116,0.046875,0.09375,0.08333333333333333,64
8urp,774,0.0,0.0,0.0,0.0,68
8va9,427,0.0,0.0,0.0,0.0,34
8uyi,734,0.028424517495196307,0.011627906976744186,0.023255813953488372,0.058823529411764705,86
8uwm,554,0.005341568158680166,0.012315270935960592,0.0,0.0,406
8uvw,510,0.0481342071853294,0.05319148936170213,0.0425531914893617,0.05555555555555555,94
8vgt,629,0.0,0.0,0.0,0.0,40
8v6r,423,0.34344887927177703,0.25,0.34615384615384615,0.4,52
8upz,784,0.10075512934020116,0.046875,0.09375,0.08333333333333333,64
8v6q,421,0.3489491788860835,0.2653061224489796,0.375,0.4444444444444444,49
8v4g,650,0.2947766875909152,0.21518987341772153,0.28205128205128205,0.3333333333333333,79
8v2y,318,0.0,0.0,0.0,0.0,13
8uyr,845,0.4014024940753004,0.28846153846153844,0.41025641025641024,0.5161290322580645,156
8v08,783,0.0,0.0,0.0,0.0,69
8uyh,743,0.02444888595806214,0.00909090909090909,0.01818181818181818,0.045454545454545456,110
8v6s,422,0.2375425970722979,0.14,0.28,0.3,50
8v53,453,0.003936520360964779,0.005763688760806916,0.005780346820809248,0.0,347
8v36,830,0.037773908512412926,0.03205128205128205,0.04487179487179487,0.04838709677419355,312
8vag,428,0.0,0.0,0.0,0.0,32
8v37,833,0.030552580350804777,0.022435897435897436,0.03205128205128205,0.04838709677419355,312
8vai,428,0.0,0.0,0.0,0.0,35
8vf5,453,0.00690904472663293,0.008450704225352112,0.011299435028248588,0.0,355
8vva,150,0.0,0.0,0.0,0.0,40
8w14,305,0.0,0.0,0.0,0.0,75
8w3r,659,0.0,0.0,0.0,0.0,29
8vsq,392,0.19312297022820352,0.17647058823529413,0.19047619047619047,0.23529411764705882,85
8wab,354,0.03695661060365012,0.056818181818181816,0.045454545454545456,0.0,88
8w1q,649,0.30074179644315757,0.1523809523809524,0.2692307692307692,0.47619047619047616,105
8vz6,594,0.05362915516110021,0.01639344262295082,0.03278688524590164,0.041666666666666664,122
8w0s,426,0.1765095283715119,0.12,0.16,0.2,100
8w3u,620,0.19610893009701663,0.1375,0.175,0.3125,80
8w6p,825,0.0,0.0,0.0,0.0,38
8woj,145,0.0,0.0,0.0,0.0,17
8w0r,426,0.1254996889080589,0.09574468085106383,0.14893617021276595,0.16666666666666666,94
8w33,288,0.0029749131719676476,0.008620689655172414,0.0,0.0,116
8w9o,854,0.0,0.0,0.0,0.0,127
8wcm,486,0.0,0.0,0.0,0.0,84
8wag,468,0.028298780946667178,0.009615384615384616,0.019230769230769232,0.05,104
8wct,428,0.04737390624526913,0.022727272727272728,0.045454545454545456,0.058823529411764705,88
8w0k,763,0.13399073584368934,0.08333333333333333,0.16666666666666666,0.14285714285714285,36
8w9n,854,0.0,0.0,0.0,0.0,133
8w2t,568,0.0,0.0,0.0,0.0,37
8wxs,151,0.001266025641025641,0.025,0.0,0.0,40
8whk,275,0.0,0.0,0.0,0.0,25
8wc0,955,0.010661950002378993,0.023809523809523808,0.0,0.0,84
8wt4,289,0.06382428650083691,0.056179775280898875,0.06818181818181818,0.11764705882352941,89
8wqq,486,0.0,0.0,0.0,0.0,88
8x39,277,0.0,0.0,0.0,0.0,43
8wai,554,0.0,0.0,0.0,0.0,185
8wjb,840,0.0,0.0,0.0,0.0,24
8wex,768,0.010114222262713137,0.010752688172043012,0.021739130434782608,0.0,93
8wxd,838,0.0,0.0,0.0,0.0,88
8wqp,466,0.0,0.0,0.0,0.0,46
8xat,377,0.0,0.0,0.0,0.0,54
8xeo,199,0.03791887460226996,0.029411764705882353,0.058823529411764705,0.0,34
8xgx,421,0.0167644628877874,0.017857142857142856,0.03571428571428571,0.0,112
8x71,344,0.18397829796645665,0.14285714285714285,0.1935483870967742,0.25,63
8xha,802,0.3445104286906297,0.2943396226415094,0.3333333333333333,0.39622641509433965,265
8x1k,554,0.0,0.0,0.0,0.0,187
8x8j,469,0.0319269163050565,0.023952095808383235,0.024096385542168676,0.06060606060606061,167
8x5b,786,0.07371322986755618,0.10416666666666667,0.125,0.0,48
8x73,344,0.1852887596509352,0.14754098360655737,0.2,0.25,61
8xgl,242,0.05548117499633234,0.07142857142857142,0.061224489795918366,0.0,98
8x4n,218,0.0,0.0,0.0,0.0,18
8xgq,757,0.0,0.0,0.0,0.0,165
8xbv,442,0.0,0.0,0.0,0.0,37
8x6v,521,0.0,0.0,0.0,0.0,60
8xj4,693,0.11189218188786107,0.07692307692307693,0.125,0.23076923076923078,65
8xh6,322,0.0,0.0,0.0,0.0,115
8x9c,601,0.0,0.0,0.0,0.0,67
8xc8,458,0.0026138133109298266,0.006578947368421052,0.0,0.0,152
8xkd,421,0.020563868369896907,0.024390243902439025,0.03278688524590164,0.0,123
8xhd,796,0.35682886230524113,0.27450980392156865,0.3700787401574803,0.4117647058823529,255
8xoq,470,0.0,0.0,0.0,0.0,27
8y77,137,0.6724213774263739,0.5333333333333333,0.6,0.8333333333333334,30
8xjc,555,0.0,0.0,0.0,0.0,40
8xtb,876,0.0,0.0,0.0,0.0,72
8y7p,697,0.004953547034111055,0.013157894736842105,0.0,0.0,76
8xlz,425,0.006801794160849154,0.018018018018018018,0.0,0.0,111
8xtc,877,0.0,0.0,0.0,0.0,71
8xoc,428,0.0017498519671181095,0.017857142857142856,0.0,0.0,112
8yo6,164,0.0,0.0,0.0,0.0,33
8y2z,577,0.0,0.0,0.0,0.0,90
8ypj,100,0.9000248225560157,0.7166666666666667,0.9166666666666666,1.0,120
8yoz,155,0.021725741032056357,0.0449438202247191,0.022727272727272728,0.0,89
8yey,294,0.0,0.0,0.0,0.0,39
8yhu,719,0.11996571897162232,0.08771929824561403,0.14285714285714285,0.18181818181818182,57
8yo9,842,0.0,0.0,0.0,0.0,52
8yfx,792,0.08175234300627891,0.12727272727272726,0.1111111111111111,0.0,55
8ybf,841,0.0,0.0,0.0,0.0,95
8yja,338,0.0,0.0,0.0,0.0,34
8yjp,596,0.04892825003676925,0.054945054945054944,0.06593406593406594,0.05555555555555555,182
8yhg,267,0.6264684275949746,0.40789473684210525,0.5263157894736842,0.8666666666666667,76
8yqq,649,0.0,0.0,0.0,0.0,33
8yfd,792,0.08090937292727061,0.12962962962962962,0.1111111111111111,0.0,54
8yht,703,0.04154366917825477,0.030303030303030304,0.0625,0.0,33
8yv4,342,0.10423227836260063,0.07692307692307693,0.15625,0.15384615384615385,65
8yf4,786,0.08383236198236857,0.12727272727272726,0.1111111111111111,0.0,55
8ydl,892,0.0,0.0,0.0,0.0,35
8yhm,264,0.6260306362032931,0.3898305084745763,0.5862068965517241,1.0,59
8ynx,249,0.022541698369248353,0.023474178403755867,0.02830188679245283,0.023809523809523808,213
8yl4,405,0.0,0.0,0.0,0.0,59
8yli,323,0.7534544401423453,0.5574712643678161,0.7126436781609196,0.9117647058823529,174
8yqg,311,0.0,0.0,0.0,0.0,29
8ylh,321,0.7657788384722244,0.6080402010050251,0.7575757575757576,0.9230769230769231,199
8yri,288,0.0,0.0,0.0,0.0,26
8yst,744,0.43909320476380714,0.3939393939393939,0.43902439024390244,0.42424242424242425,165
8ytr,253,0.0,0.0,0.0,0.0,87
8yla,651,0.0,0.0,0.0,0.0,50
8z96,893,0.0,0.0,0.0,0.0,164
8you,937,0.15134631847511773,0.07692307692307693,0.12371134020618557,0.1794871794871795,195
8ymk,452,0.026312958274048663,0.04672897196261682,0.03773584905660377,0.0,107
8ytc,332,0.0,0.0,0.0,0.0,36
8yuf,267,0.6202936978465481,0.37037037037037035,0.575,0.875,81
8ysp,731,0.39924716768031615,0.3575757575757576,0.35365853658536583,0.42424242424242425,165
8yoy,653,0.0,0.0,0.0,0.0,32
8yu5,936,0.15337444127575384,0.07653061224489796,0.12244897959183673,0.1794871794871795,196
8yex,784,0.0929331793398294,0.12727272727272726,0.1111111111111111,0.0,55
8zae,669,0.1907628129481637,0.16296296296296298,0.16417910447761194,0.25925925925925924,135
8yu6,937,0.15126131754344346,0.07575757575757576,0.12121212121212122,0.1794871794871795,198
8zgb,136,0.028650626091580627,0.05357142857142857,0.03571428571428571,0.0,56
8z6d,356,0.5220963212473735,0.4066666666666667,0.49333333333333335,0.5666666666666667,150
8yrl,918,0.0,0.0,0.0,0.0,151
8yv5,345,0.0052446054573946615,0.014925373134328358,0.0,0.0,67
8zgi,782,0.0,0.0,0.0,0.0,52
8zlc,270,0.0,0.0,0.0,0.0,25
8znj,681,0.0,0.0,0.0,0.0,81
8z0c,372,0.7397821406801327,0.47191011235955055,0.7727272727272727,0.8235294117647058,89
8z4i,772,0.4937457136907981,0.21311475409836064,0.4,0.8333333333333334,61
8yt0,735,0.3989241986619271,0.33544303797468356,0.379746835443038,0.45161290322580644,158
8yjy,530,0.028662438814285988,0.03,0.04,0.05,100
8yw7,738,0.415465277030559,0.38323353293413176,0.40963855421686746,0.45454545454545453,167
8z1i,545,0.0,0.0,0.0,0.0,100
8zb5,592,0.09583547648010789,0.07894736842105263,0.10526315789473684,0.10526315789473684,190
8z6e,355,0.5073313641479003,0.4125,0.475,0.53125,160
8zc8,552,0.0005408328826392645,0.023255813953488372,0.0,0.0,43
8z4f,522,0.0,0.0,0.0,0.0,65
8za7,512,0.0013776621296250197,0.009259259259259259,0.0,0.0,108
8zb4,594,0.4297071852031789,0.2545454545454545,0.34146341463414637,0.6666666666666666,165
8za5,275,0.760470133124227,0.6,0.7285714285714285,0.8928571428571429,140
8zac,708,0.1545968944873311,0.10179640718562874,0.13253012048192772,0.21212121212121213,167
8z8y,953,0.0,0.0,0.0,0.0,226
8ze4,563,0.0,0.0,0.0,0.0,106
8zb2,975,0.0,0.0,0.0,0.0,80
8zlh,260,0.02785298985436824,0.01694915254237288,0.034482758620689655,0.0,59
8zo3,612,0.0,0.0,0.0,0.0,63
8zht,836,0.0,0.0,0.0,0.0,143
8zhv,575,0.0,0.0,0.0,0.0,90
8zhu,571,0.0,0.0,0.0,0.0,74
8zlf,396,0.03529905098428789,0.07142857142857142,0.0,0.0,28
8zvg,468,0.1470866652422616,0.08536585365853659,0.0975609756097561,0.125,82
8zro,619,0.0,0.0,0.0,0.0,64
8zvh,467,0.1411324108544959,0.0975609756097561,0.0975609756097561,0.125,82
9a5y,764,0.0,0.0,0.0,0.0,27
9a5x,617,0.0,0.0,0.0,0.0,39
8ztp,782,0.46716479633033325,0.33212996389891697,0.41304347826086957,0.6181818181818182,277
9a3x,777,0.0,0.0,0.0,0.0,85
8zoj,795,0.0,0.0,0.0,0.0,60
9a4u,848,0.0,0.0,0.0,0.0,16
9a5f,485,0.0,0.0,0.0,0.0,35
9a4p,515,0.015576645975137582,0.018518518518518517,0.037037037037037035,0.0,54
9a4k,615,0.12438011812759267,0.10576923076923077,0.125,0.0975609756097561,208
8zpo,612,0.0,0.0,0.0,0.0,62
9a60,443,0.0,0.0,0.0,0.0,11
9a5e,481,0.0,0.0,0.0,0.0,45
9a5z,451,0.0,0.0,0.0,0.0,43
9a5m,808,0.0,0.0,0.0,0.0,25
9a3y,827,0.0,0.0,0.0,0.0,90
9a3z,984,0.0,0.0,0.0,0.0,99
9a72,442,0.0,0.0,0.0,0.0,30
9a6l,717,0.23711406862981918,0.11538461538461539,0.16483516483516483,0.3055555555555556,182
9a5t,670,0.0,0.0,0.0,0.0,72
9a4q,466,0.0,0.0,0.0,0.0,40
9a6s,420,0.0,0.0,0.0,0.0,31
9a6v,379,0.0,0.0,0.0,0.0,27
9a59,742,0.0,0.0,0.0,0.0,25
9a66,1007,0.0,0.0,0.0,0.0,15
9a5s,437,0.0,0.0,0.0,0.0,26
9a4t,648,0.0,0.0,0.0,0.0,22
9a6r,754,0.0,0.0,0.0,0.0,14
9a5w,454,0.0,0.0,0.0,0.0,8
9a70,696,0.03658841991373168,0.043859649122807015,0.05263157894736842,0.0,114
9a5n,767,0.0,0.0,0.0,0.0,13
9a77,677,0.0,0.0,0.0,0.0,77
9a7v,644,0.0,0.0,0.0,0.0,5
9axg,159,0.0,0.0,0.0,0.0,59
9a64,747,0.0,0.0,0.0,0.0,61
9a7e,989,0.0,0.0,0.0,0.0,90
9a5k,839,0.010398483255581365,0.005988023952095809,0.012048192771084338,0.030303030303030304,167
9a7g,813,0.0,0.0,0.0,0.0,50
9avb,244,0.02160291427499713,0.0392156862745098,0.04,0.0,51
9ard,264,0.0,0.0,0.0,0.0,27
9a5c,787,0.0,0.0,0.0,0.0,36
9a7q,801,0.0,0.0,0.0,0.0,7
9a7k,902,0.0,0.0,0.0,0.0,104
9a4z,623,0.0,0.0,0.0,0.0,59
9a7d,815,0.0,0.0,0.0,0.0,120
9av8,515,0.8821595150947715,0.6776315789473685,0.9078947368421053,1.0,152
9avc,195,0.0,0.0,0.0,0.0,24
9ar1,618,0.20056323933089046,0.13924050632911392,0.1794871794871795,0.3333333333333333,79
9a3v,867,0.0,0.0,0.0,0.0,118
9b7y,770,0.0,0.0,0.0,0.0,59
9b2g,597,0.7133023636832038,0.47802197802197804,0.7032967032967034,0.8333333333333334,182
9b4u,284,0.0,0.0,0.0,0.0,37
9b2u,333,0.019784814378239986,0.058823529411764705,0.0,0.0,17
9b4f,670,0.0,0.0,0.0,0.0,123
9bd4,479,0.08404976393174907,0.08571428571428572,0.08571428571428572,0.14285714285714285,70
9b7a,336,0.21272100827763857,0.13432835820895522,0.18181818181818182,0.3076923076923077,67
9b4g,776,0.0,0.0,0.0,0.0,151
9b9o,653,0.3027587406957558,0.14953271028037382,0.3018867924528302,0.47619047619047616,107
9a7y,854,0.17399965834374984,0.15568862275449102,0.18072289156626506,0.18181818181818182,167
9bux,699,0.0,0.0,0.0,0.0,106
9b9n,650,0.30420426928458016,0.1509433962264151,0.3018867924528302,0.47619047619047616,106
9a73,936,0.16061779100391155,0.11094674556213018,0.13313609467455623,0.1925925925925926,676
9av4,503,0.911413063617379,0.7483443708609272,0.92,1.0,151
9b4e,778,0.0,0.0,0.0,0.0,151
9biy,343,0.0,0.0,0.0,0.0,52
9bgl,264,0.0,0.0,0.0,0.0,35
9c68,328,0.32979847339886,0.15,0.225,0.375,80
9bwh,234,0.8855139227376498,0.6814814814814815,0.9104477611940298,1.0,135
9c7o,152,0.5760752573713965,0.391304347826087,0.5652173913043478,0.7777777777777778,46
9c8w,118,0.0,0.0,0.0,0.0,28
9blq,402,0.0,0.0,0.0,0.0,41
9c9b,667,0.0,0.0,0.0,0.0,108
9c69,328,0.4771277281688619,0.21568627450980393,0.36,0.8,51
9bvk,726,0.0,0.0,0.0,0.0,89
9bfr,766,0.0,0.0,0.0,0.0,106
9bwf,235,0.8728604868837367,0.6712328767123288,0.9041095890410958,1.0,146
9bvr,754,0.0,0.0,0.0,0.0,104
9cfs,170,0.16769531092853393,0.17829457364341086,0.171875,0.12,129
9bvm,728,0.0,0.0,0.0,0.0,91
9bur,705,0.0,0.0,0.0,0.0,146
9bou,577,0.022463201270353342,0.020833333333333332,0.041666666666666664,0.0,192
9ccv,268,0.019124783470965086,0.031914893617021274,0.0425531914893617,0.0,94
9bxm,487,0.0,0.0,0.0,0.0,22
9bwi,236,0.9019248435669088,0.7058823529411765,0.9264705882352942,1.0,136
9c3b,588,0.08670396151811985,0.06818181818181818,0.045454545454545456,0.125,44
9c6t,448,0.0,0.0,0.0,0.0,108
9bvl,724,0.0,0.0,0.0,0.0,87
9bvp,728,0.0033452151319622887,0.010526315789473684,0.0,0.0,95
9bvq,700,0.0,0.0,0.0,0.0,93
9c8a,766,0.12087749599118046,0.08108108108108109,0.16666666666666666,0.14285714285714285,37
9bxn,492,0.0,0.0,0.0,0.0,23
9c9a,668,0.0,0.0,0.0,0.0,106
9cd2,427,0.0,0.0,0.0,0.0,48
9c9q,908,0.12383339913992776,0.10727969348659004,0.12307692307692308,0.15384615384615385,261
9c9r,905,0.11640747528888196,0.0984251968503937,0.10236220472440945,0.14,254
9c95,668,0.0,0.0,0.0,0.0,106
9c8b,764,0.12371906307201656,0.08333333333333333,0.16666666666666666,0.14285714285714285,36
9c5g,578,0.010573896625916674,0.017316017316017316,0.008695652173913044,0.0,231
9cdv,884,0.0,0.0,0.0,0.0,46
9ckx,444,0.00072636459348202,0.0044444444444444444,0.0,0.0,225
9bxl,489,0.0,0.0,0.0,0.0,21
9cpz,935,0.2022305892236611,0.1511627906976744,0.20930232558139536,0.27450980392156865,258
9ckf,859,0.0,0.0,0.0,0.0,25
9cu8,285,0.0,0.0,0.0,0.0,65
9cen,835,0.33730087497265665,0.23300970873786409,0.29411764705882354,0.45,103
9cp9,870,0.040487818093369675,0.04411764705882353,0.0392156862745098,0.024691358024691357,408
9cp8,872,0.04086850514514021,0.0412621359223301,0.043689320388349516,0.024390243902439025,412
9ci7,199,0.0,0.0,0.0,0.0,64
9c99,668,0.0,0.0,0.0,0.0,105
9cu3,399,0.03825970154726892,0.04205607476635514,0.037383177570093455,0.023809523809523808,214
9crz,624,0.04408754312068183,0.041666666666666664,0.08333333333333333,0.0,24
9d7l,764,0.12707718513455382,0.07894736842105263,0.15789473684210525,0.14285714285714285,38
9cp7,871,0.037235453140576906,0.04691358024691358,0.039603960396039604,0.024691358024691357,405
9czs,331,0.24934420903312102,0.08333333333333333,0.16666666666666666,0.4444444444444444,48
9d4s,815,0.0,0.0,0.0,0.0,131
9dq1,452,0.0,0.0,0.0,0.0,28
9dqq,435,0.0,0.0,0.0,0.0,43
9dk3,655,0.0,0.0,0.0,0.0,54
9dk1,651,0.0,0.0,0.0,0.0,58
9dir,756,0.0,0.0,0.0,0.0,107
9ddt,286,0.0,0.0,0.0,0.0,54
9dro,554,0.002927033157089016,0.010416666666666666,0.0,0.0,384
9dds,328,0.0,0.0,0.0,0.0,15
9cys,506,0.005054735389998938,0.008130081300813009,0.008130081300813009,0.0,246
9dsb,293,0.10476892011630598,0.05128205128205128,0.06837606837606838,0.13043478260869565,234
9d5x,782,0.0,0.0,0.0,0.0,142
9dex,333,0.2202901196237755,0.16129032258064516,0.1935483870967742,0.3333333333333333,62
9day,465,0.764026303787283,0.5214285714285715,0.7714285714285715,0.9285714285714286,140
9dq0,451,0.0,0.0,0.0,0.0,32
9dws,579,0.6615844616670683,0.40384615384615385,0.6730769230769231,0.85,104
9dis,741,0.0,0.0,0.0,0.0,73
9dcr,429,0.0,0.0,0.0,0.0,98
9dk2,648,0.0,0.0,0.0,0.0,54
9dqp,450,0.0,0.0,0.0,0.0,44
9dri,920,0.4174483165759499,0.30526315789473685,0.4225352112676056,0.5087719298245614,285
9dur,504,0.0,0.0,0.0,0.0,40
9ebk,438,0.3689888509007085,0.14285714285714285,0.2857142857142857,0.696969696969697,168
9e4s,821,0.0529978402158623,0.016666666666666666,0.03333333333333333,0.08333333333333333,60
9e50,777,0.048317440099921824,0.02,0.04,0.1,50
9dqr,456,0.0,0.0,0.0,0.0,44
9dqm,841,0.0,0.0,0.0,0.0,104
9dq2,452,0.0,0.0,0.0,0.0,31
9dxi,279,0.051840294078248965,0.07272727272727272,0.03636363636363636,0.045454545454545456,110
9dmx,869,0.19414774172880087,0.11219512195121951,0.16666666666666666,0.2682926829268293,205
9e56,769,0.04948883003605803,0.020833333333333332,0.041666666666666664,0.1111111111111111,48
9e4u,819,0.06286645851280513,0.017241379310344827,0.034482758620689655,0.09090909090909091,58
9ea5,871,0.1936493376252568,0.11409395973154363,0.16216216216216217,0.27586206896551724,149
9eqo,126,0.10377973554341345,0.0958904109589041,0.0821917808219178,0.10344827586206896,146
9efd,204,0.0,0.0,0.0,0.0,124
9e92,887,0.0,0.0,0.0,0.0,97
9eh6,436,0.0,0.0,0.0,0.0,55
9e4x,765,0.055417670391435164,0.02127659574468085,0.043478260869565216,0.1111111111111111,47
9e72,485,0.0,0.0,0.0,0.0,47
9ejw,286,0.0,0.0,0.0,0.0,50
9ene,658,0.0,0.0,0.0,0.0,135
9eve,346,0.0,0.0,0.0,0.0,65
9f0e,118,0.9383338213969874,0.8110236220472441,0.9682539682539683,1.0,127
9edj,554,0.001432673743105932,0.008064516129032258,0.0,0.0,372
9ezz,123,0.9129231915266971,0.75,0.9558823529411765,1.0,136
9efb,702,0.0,0.0,0.0,0.0,114
9enb,636,0.0,0.0,0.0,0.0,140
9efa,700,0.0,0.0,0.0,0.0,123
9enc,566,0.0,0.0,0.0,0.0,96
9enf,530,0.039622479268683196,0.06,0.04,0.05,100
9f9q,564,0.0,0.0,0.0,0.0,86
9f7e,462,0.0,0.0,0.0,0.0,43
9epn,516,0.47699411422462423,0.33962264150943394,0.4177215189873418,0.5806451612903226,159
9fdo,158,0.0,0.0,0.0,0.0,24
9eu1,826,0.0,0.0,0.0,0.0,19
9f7o,496,0.0,0.0,0.0,0.0,34
9fct,461,0.007416626617710759,0.02702702702702703,0.0,0.0,37
9f0n,609,0.0,0.0,0.0,0.0,25
9erv,386,0.012261889335863096,0.016666666666666666,0.016666666666666666,0.0,120
9f1o,543,0.0,0.0,0.0,0.0,75
9fi0,762,0.0,0.0,0.0,0.0,62
9fqk,863,0.01584027882310767,0.00684931506849315,0.0136986301369863,0.034482758620689655,146
9f28,555,0.0,0.0,0.0,0.0,70
9f7v,496,0.0,0.0,0.0,0.0,33
9fhk,697,0.0,0.0,0.0,0.0,52
9ffk,1002,0.0626379979807064,0.05514705882352941,0.07352941176470588,0.07407407407407407,272
9fzf,298,0.0,0.0,0.0,0.0,32
9frr,185,0.09647021992774447,0.05555555555555555,0.1111111111111111,0.14285714285714285,36
9fge,1002,0.06285449606393229,0.055350553505535055,0.07407407407407407,0.07407407407407407,271
9fzw,878,0.0,0.0,0.0,0.0,76
9fu4,980,0.0,0.0,0.0,0.0,89
9fu7,980,0.0,0.0,0.0,0.0,89
9g0w,640,0.16523159231620127,0.11764705882352941,0.1694915254237288,0.21739130434782608,119
9g0z,644,0.13400118066482783,0.09917355371900827,0.11666666666666667,0.20833333333333334,121
9g10,644,0.13987719711181776,0.11382113821138211,0.13114754098360656,0.20833333333333334,123
9g58,259,0.8341324737296852,0.6111111111111112,0.8888888888888888,1.0,54
9g59,270,0.7123094540792841,0.5,0.625,1.0,64
9fsg,750,0.0019184509190320362,0.01639344262295082,0.0,0.0,122
9ftc,457,0.2940740780424869,0.2684563758389262,0.3108108108108108,0.2413793103448276,149
9fnd,647,0.049120549497929204,0.040372670807453416,0.055900621118012424,0.03125,322
9fuc,980,0.0,0.0,0.0,0.0,87
9fu9,980,0.0,0.0,0.0,0.0,88
9fub,980,0.0,0.0,0.0,0.0,90
9fsl,736,0.048035900440385894,0.046296296296296294,0.07407407407407407,0.047619047619047616,108
9fyi,738,0.054793490267029045,0.05217391304347826,0.08771929824561403,0.043478260869565216,115
9fua,980,0.0,0.0,0.0,0.0,87
9g2w,478,0.5667348112242303,0.35344827586206895,0.4827586206896552,0.6956521739130435,116
9g8u,577,0.0,0.0,0.0,0.0,177
9g2u,456,0.5698369206039171,0.37168141592920356,0.5,0.7272727272727273,113
9g0x,642,0.1422602055280828,0.11016949152542373,0.11864406779661017,0.21739130434782608,118
9g7q,427,0.0,0.0,0.0,0.0,21
9fzn,721,0.0,0.0,0.0,0.0,136
9gao,634,0.0,0.0,0.0,0.0,89
9g7l,262,0.0008450399445148368,0.00819672131147541,0.0,0.0,122
9gbz,287,0.0,0.0,0.0,0.0,28
9grw,737,0.0,0.0,0.0,0.0,57
9gjh,920,0.0,0.0,0.0,0.0,115
9gjb,921,0.0,0.0,0.0,0.0,112
9g87,823,0.025671543345724884,0.03571428571428571,0.023809523809523808,0.030303030303030304,168
9g9u,522,0.06603650139567407,0.07926829268292683,0.08536585365853659,0.0625,164
9gs3,534,0.012192280056158699,0.007575757575757576,0.015151515151515152,0.0,132
9gnd,544,0.0,0.0,0.0,0.0,39
9gjd,920,0.0,0.0,0.0,0.0,110
9gjk,920,0.0,0.0,0.0,0.0,103
9gje,921,0.0,0.0,0.0,0.0,109
9gjl,921,0.0,0.0,0.0,0.0,108
9gji,921,0.0,0.0,0.0,0.0,124
9gs7,540,0.0,0.0,0.0,0.0,22
9gja,920,0.0,0.0,0.0,0.0,110
9giz,779,0.0,0.0,0.0,0.0,53
9gs5,527,0.0,0.0,0.0,0.0,23
9gsl,546,0.0,0.0,0.0,0.0,18
9gxf,434,0.0,0.0,0.0,0.0,46
9gry,536,0.0,0.0,0.0,0.0,25
9h1s,616,0.0,0.0,0.0,0.0,218
9gsq,375,0.0,0.0,0.0,0.0,40
9gyz,442,0.07589023357359617,0.045871559633027525,0.05555555555555555,0.14285714285714285,109
9gyy,444,0.07572590085295394,0.04424778761061947,0.05357142857142857,0.13636363636363635,113
9h5w,816,0.04669519953797638,0.06382978723404255,0.0425531914893617,0.0,94
9he0,782,0.024774096160627656,0.04242424242424243,0.012195121951219513,0.030303030303030304,165
9h6j,896,0.033502977982114636,0.020895522388059702,0.029940119760479042,0.04477611940298507,335
9h6k,936,0.025828979027761167,0.013404825737265416,0.026881720430107527,0.04054054054054054,373
9hij,193,0.6624846773401761,0.4805194805194805,0.6347826086956522,0.7608695652173914,231
9hgm,650,0.0,0.0,0.0,0.0,81
9hqf,280,0.0,0.0,0.0,0.0,30
9hh1,412,0.11934680477523824,0.08411214953271028,0.07547169811320754,0.19047619047619047,107
9h8u,934,0.0,0.0,0.0,0.0,26
9gzv,437,0.4317312509259212,0.2158273381294964,0.35251798561151076,0.6,278
9hbm,439,0.42590807307606215,0.2074074074074074,0.3333333333333333,0.6111111111111112,270
9h6l,918,0.032323947131948236,0.018518518518518517,0.037037037037037035,0.04,378
9hjp,790,0.0,0.0,0.0,0.0,29
9he2,776,0.02835387646443315,0.04142011834319527,0.011904761904761904,0.030303030303030304,169
9htw,222,0.026498536693871578,0.12121212121212122,0.0,0.0,33
9h5r,812,0.08581093478003138,0.07865168539325842,0.09090909090909091,0.11764705882352941,89
9hmx,455,0.0,0.0,0.0,0.0,40
9hr1,384,0.015834771638297104,0.04878048780487805,0.0,0.0,41
9hl2,474,0.0,0.0,0.0,0.0,49
9hq8,200,0.0,0.0,0.0,0.0,119
9ht6,239,0.05389724069929913,0.06060606060606061,0.030303030303030304,0.07692307692307693,66
9h6r,809,0.07557086065754165,0.075,0.075,0.125,80
9hq0,280,0.0,0.0,0.0,0.0,28
9hih,546,0.8675353597713473,0.6305732484076433,0.8974358974358975,1.0,157
9h2q,542,0.0,0.0,0.0,0.0,46
9h4a,282,0.7826176763023094,0.5714285714285714,0.7857142857142857,0.9375,84
9hqh,280,0.0,0.0,0.0,0.0,29
9hqa,648,0.2992939822839353,0.15789473684210525,0.21052631578947367,0.5,114
9idz,685,0.032678483592563395,0.00904977375565611,0.01818181818181818,0.045454545454545456,221
9hu0,338,0.0,0.0,0.0,0.0,30
9hrb,769,0.46558356253792754,0.305,0.43,0.65,200
9hv7,228,0.0,0.0,0.0,0.0,35
9iia,837,0.0,0.0,0.0,0.0,53
9iez,193,0.0,0.0,0.0,0.0,29
9i1y,530,0.07463126084840295,0.034482758620689655,0.06944444444444445,0.1724137931034483,145
9ieh,664,0.02483458801863256,0.0091324200913242,0.01834862385321101,0.046511627906976744,219
9i20,536,0.0,0.0,0.0,0.0,21
9i25,264,0.03299799172622636,0.03278688524590164,0.06666666666666667,0.0,61
9ilo,247,0.2268636509279748,0.2085889570552147,0.24691358024691357,0.3125,163
9ikp,368,0.0,0.0,0.0,0.0,30
9iey,195,0.0,0.0,0.0,0.0,32
9i8y,804,0.0,0.0,0.0,0.0,81
9icz,533,0.018186477914901054,0.05172413793103448,0.034482758620689655,0.0,58
9im9,246,0.2191707883010626,0.1962025316455696,0.24050632911392406,0.3225806451612903,158
9ig8,534,0.004387003325913658,0.008403361344537815,0.008403361344537815,0.0,476
9ime,292,0.026407450754188676,0.044444444444444446,0.045454545454545456,0.0,45
9inr,290,0.07178079033710899,0.043478260869565216,0.09090909090909091,0.0,23
9iql,246,0.48583362079477366,0.32989690721649484,0.4583333333333333,0.5789473684210527,97
9iqk,245,0.46690597765314934,0.31683168316831684,0.46,0.6,101
9ir1,250,0.14149360751234333,0.15894039735099338,0.16,0.1,151
9ipt,372,0.7416097757233872,0.47058823529411764,0.7857142857142857,0.8235294117647058,85
9iok,340,0.013780809294626523,0.015873015873015872,0.015873015873015872,0.0,126
9ink,441,0.0,0.0,0.0,0.0,45
9iq7,249,0.5009037335238935,0.336734693877551,0.4489795918367347,0.631578947368421,98
9ir0,734,0.0,0.0,0.0,0.0,27
9j2p,740,0.0,0.0,0.0,0.0,74
9irz,185,0.3880855504541722,0.26,0.36,0.55,100
9iq5,239,0.25752855519878903,0.28378378378378377,0.2972972972972973,0.21428571428571427,74
9iv0,344,0.009086989653305762,0.016666666666666666,0.0,0.0,120
9if5,762,0.0,0.0,0.0,0.0,12
9ivi,519,0.0,0.0,0.0,0.0,56
9iyx,351,0.06594401014740359,0.01904761904761905,0.038461538461538464,0.09523809523809523,105
9j2a,526,0.0,0.0,0.0,0.0,109
9j2m,740,0.0,0.0,0.0,0.0,73
9jdc,840,0.0,0.0,0.0,0.0,164
9j0t,348,0.00099429068160255,0.017241379310344827,0.0,0.0,116
9j2c,515,0.0,0.0,0.0,0.0,109
9j2b,529,0.0,0.0,0.0,0.0,106
9izn,696,0.02871437175510568,0.016483516483516484,0.02197802197802198,0.027777777777777776,182
9j29,528,0.0,0.0,0.0,0.0,108
9j9w,310,0.0,0.0,0.0,0.0,63
9je9,830,0.04692477293817753,0.022222222222222223,0.045454545454545456,0.1111111111111111,45
9j2e,740,0.0,0.0,0.0,0.0,74
9jeh,684,0.05793151456302549,0.025974025974025976,0.05194805194805195,0.13333333333333333,154
9j3u,913,0.24245729968223872,0.09876543209876543,0.18518518518518517,0.34375,162
9j47,316,0.0,0.0,0.0,0.0,45
9jm8,130,0.030557128237199492,0.022222222222222223,0.045454545454545456,0.0,45
9jm2,134,0.0,0.0,0.0,0.0,39
9j2r,740,0.0,0.0,0.0,0.0,72
9j28,516,0.0,0.0,0.0,0.0,109
9j30,741,0.0,0.0,0.0,0.0,74
9jbh,668,0.036940333610635166,0.05,0.02857142857142857,0.03571428571428571,140
9jb5,235,0.052398361092385326,0.0449438202247191,0.045454545454545456,0.058823529411764705,89
9jdd,315,0.0,0.0,0.0,0.0,46
9jdb,808,0.0,0.0,0.0,0.0,138
9jdn,845,0.0,0.0,0.0,0.0,85
9j33,740,0.0,0.0,0.0,0.0,73
9jpl,295,0.38125921313152317,0.3191489361702128,0.34782608695652173,0.3333333333333333,47
9j4p,681,0.03748472988311939,0.018518518518518517,0.018518518518518517,0.047619047619047616,108
9jaq,736,0.0,0.0,0.0,0.0,84
9jdi,501,0.0,0.0,0.0,0.0,74
9jpk,286,0.2819460677368457,0.32432432432432434,0.3333333333333333,0.2857142857142857,37
9jc7,850,0.0,0.0,0.0,0.0,88
9jrr,308,0.18124247312497224,0.18867924528301888,0.19230769230769232,0.2,53
9jq8,221,0.7241463719055216,0.48484848484848486,0.6938775510204082,0.9473684210526315,99
9k4q,178,0.0,0.0,0.0,0.0,27
9jog,738,0.00046266864448682633,0.015151515151515152,0.0,0.0,66
9k8c,180,0.0,0.0,0.0,0.0,34
9jzo,346,0.0,0.0,0.0,0.0,22
9jtw,792,0.13645076605315135,0.0880503144654088,0.11392405063291139,0.1935483870967742,159
9jxw,817,0.20192314352997767,0.06766917293233082,0.13636363636363635,0.34615384615384615,133
9joh,738,0.0,0.0,0.0,0.0,63
9jof,736,0.0032844378086120066,0.029850746268656716,0.0,0.0,67
9k9p,132,0.06973060856387382,0.03389830508474576,0.06896551724137931,0.18181818181818182,59
9k8k,110,0.17727984615032,0.21428571428571427,0.14285714285714285,0.2,28
9jsp,673,0.0,0.0,0.0,0.0,38
9jxd,754,0.06683006675511961,0.07547169811320754,0.11538461538461539,0.0,53
9k0a,573,0.0,0.0,0.0,0.0,172
9k2f,456,0.03442551321549713,0.013793103448275862,0.027777777777777776,0.06896551724137931,145
9k8h,182,0.0,0.0,0.0,0.0,29
9jxp,770,0.060751323511098285,0.09433962264150944,0.07692307692307693,0.0,53
9k7u,190,0.015385175976474652,0.04477611940298507,0.030303030303030304,0.0,67
9k6w,414,0.0,0.0,0.0,0.0,7
9k3e,224,0.10903985084494071,0.04838709677419355,0.0967741935483871,0.16666666666666666,62
9kkt,759,0.013776549711774411,0.02030456852791878,0.01020408163265306,0.0,197
9kns,143,0.12085619998812172,0.08108108108108109,0.08108108108108109,0.07142857142857142,74
9kql,201,0.17248957194294698,0.12295081967213115,0.16393442622950818,0.25,122
9k0b,576,0.0,0.0,0.0,0.0,193
9kfd,823,0.04652354951194446,0.04411764705882353,0.04411764705882353,0.07407407407407407,136
9kkb,530,0.02835359041172539,0.022222222222222223,0.044444444444444446,0.0,90
9kkv,761,0.013534829577034464,0.02,0.01,0.0,200
9koj,556,0.0,0.0,0.0,0.0,123
9kqf,754,0.0,0.0,0.0,0.0,155
9knp,751,0.012844623691559118,0.06349206349206349,0.0,0.0,63
9kqj,754,0.0,0.0,0.0,0.0,151
9kka,726,0.4286574002673494,0.3707865168539326,0.42696629213483145,0.5142857142857142,178
9k7k,491,0.11536982552593755,0.05357142857142857,0.10714285714285714,0.09090909090909091,56
9kup,260,0.36691843424453996,0.25675675675675674,0.35135135135135137,0.35714285714285715,74
9km6,516,0.017248563900266644,0.015625,0.015625,0.0,128
9kq4,571,0.11988594023092904,0.09941520467836257,0.1411764705882353,0.11764705882352941,171
9kza,366,0.0,0.0,0.0,0.0,14
9l5y,921,0.0,0.0,0.0,0.0,28
9l56,619,0.05694319873235435,0.06493506493506493,0.07894736842105263,0.06666666666666667,77
9kqv,732,0.0,0.0,0.0,0.0,88
9ku9,738,0.0,0.0,0.0,0.0,90
9kyl,280,0.0,0.0,0.0,0.0,14
9kqw,630,0.0,0.0,0.0,0.0,64
9kwa,721,0.276242188025157,0.16091954022988506,0.22988505747126436,0.4117647058823529,174
9kpr,567,0.12220687472891194,0.09239130434782608,0.08695652173913043,0.16666666666666666,184
9kw9,709,0.26659635190920095,0.16666666666666666,0.1935483870967742,0.35135135135135137,186
9kz5,362,0.0,0.0,0.0,0.0,14
9kwf,648,0.0,0.0,0.0,0.0,76
9kyv,253,0.0,0.0,0.0,0.0,20
9l23,716,0.0,0.0,0.0,0.0,122
9l87,375,0.0,0.0,0.0,0.0,52
9kqi,754,0.0,0.0,0.0,0.0,155
9ll4,212,0.03534485215364304,0.043478260869565216,0.043478260869565216,0.0,46
9l9x,893,0.0,0.0,0.0,0.0,163
9l75,542,0.0,0.0,0.0,0.0,37
9lc9,931,0.0,0.0,0.0,0.0,77
9lpe,150,0.13619095925723668,0.08333333333333333,0.16666666666666666,0.25,24
9lmm,189,0.9107408771045257,0.696969696969697,0.9696969696969697,1.0,66
9kyt,369,0.0,0.0,0.0,0.0,24
9lg0,335,0.23039305417709066,0.16923076923076924,0.1875,0.3076923076923077,65
9llq,353,0.4717266665979841,0.358974358974359,0.41025641025641024,0.5483870967741935,156
9lim,757,0.0,0.0,0.0,0.0,21
9lik,819,0.0028450460595888126,0.005,0.0,0.0,200
9l9w,893,0.0,0.0,0.0,0.0,162
9lnh,340,0.24493393171869307,0.1774193548387097,0.1935483870967742,0.3333333333333333,62
9lsd,214,0.3608774988884942,0.3106060606060606,0.36363636363636365,0.5384615384615384,132
9leq,782,0.0010864078236909286,0.006329113924050633,0.0,0.0,158
9lj9,724,0.3177607929658116,0.2900763358778626,0.27692307692307694,0.2692307692307692,131
9lri,305,0.0,0.0,0.0,0.0,82
9lgw,603,0.0,0.0,0.0,0.0,65
9lnb,808,0.0,0.0,0.0,0.0,30
9l08,582,0.0,0.0,0.0,0.0,17
9lyd,746,0.018906171002396426,0.01694915254237288,0.034482758620689655,0.0,59
9m06,286,0.22611297532003632,0.16981132075471697,0.20754716981132076,0.23809523809523808,106
9m1q,312,0.0025937689324137614,0.01639344262295082,0.0,0.0,61
9m7t,230,0.025269843424309966,0.02054794520547945,0.0410958904109589,0.034482758620689655,146
9lw1,516,0.0,0.0,0.0,0.0,118
9m3b,460,0.0,0.0,0.0,0.0,56
9lmn,723,0.28388273924942,0.1691542288557214,0.24,0.35,201
9ma1,560,0.0019478565660461134,0.006024096385542169,0.0,0.0,166
9mqb,768,0.0,0.0,0.0,0.0,150
9m8p,508,0.11250832211875612,0.08333333333333333,0.125,0.2222222222222222,48
9m71,226,0.13360088985088983,0.08333333333333333,0.16666666666666666,0.0,12
9m9z,568,0.2534271522560013,0.1092436974789916,0.2033898305084746,0.34782608695652173,119
9mhi,482,0.0,0.0,0.0,0.0,78
9mhn,458,0.0,0.0,0.0,0.0,47
9mho,455,0.0,0.0,0.0,0.0,47
9mcd,223,0.8352676971534039,0.543859649122807,0.9285714285714286,1.0,57
9n2g,143,0.02998681861722792,0.014084507042253521,0.02857142857142857,0.07142857142857142,71
9n2n,132,0.017494394499026636,0.023255813953488372,0.047619047619047616,0.0,43
9mhl,455,0.0,0.0,0.0,0.0,47
9mhm,461,0.0,0.0,0.0,0.0,48
9mw3,279,0.0,0.0,0.0,0.0,32
9m3l,315,0.0,0.0,0.0,0.0,83
9mhj,491,0.0,0.0,0.0,0.0,79
9mqe,751,0.0,0.0,0.0,0.0,132
9mqc,751,0.0,0.0,0.0,0.0,141
9mqy,894,0.03042632680681075,0.041884816753926704,0.031578947368421054,0.02631578947368421,191
9mw1,278,0.0,0.0,0.0,0.0,30
9mw2,268,0.0,0.0,0.0,0.0,31
9mpy,804,0.21557764603584387,0.11724137931034483,0.20833333333333334,0.2413793103448276,145
9nlt,159,0.058677301576063295,0.05228758169934641,0.07894736842105263,0.06666666666666667,153
9mhk,490,0.0025775469981891516,0.0125,0.0,0.0,80
9nrq,393,0.17588367199619767,0.12280701754385964,0.14035087719298245,0.18181818181818182,114
9mty,586,0.0,0.0,0.0,0.0,32
9mrw,694,0.0,0.0,0.0,0.0,8
9mqz,886,0.006207998523406463,0.029069767441860465,0.0,0.0,172
9n0x,760,0.0,0.0,0.0,0.0,145
9nu4,631,0.0,0.0,0.0,0.0,64
9nnq,873,0.0,0.0,0.0,0.0,129
9nli,399,0.10278989480314078,0.05217391304347826,0.08771929824561403,0.17391304347826086,115
9ndu,470,0.0,0.0,0.0,0.0,22
9nq5,934,0.20218917649288976,0.15019762845849802,0.2222222222222222,0.28,253
9nu8,550,0.0,0.0,0.0,0.0,95
9nf8,843,0.0,0.0,0.0,0.0,12
9nu5,532,0.0,0.0,0.0,0.0,85
9nnr,867,0.0,0.0,0.0,0.0,126
9n9m,711,0.0,0.0,0.0,0.0,106
9nzs,728,0.0,0.0,0.0,0.0,64
9nzt,598,0.0,0.0,0.0,0.0,52
9n9c,692,0.0,0.0,0.0,0.0,83
9nzr,889,0.0,0.0,0.0,0.0,99
9nyu,626,0.036679125604324354,0.03292181069958848,0.049586776859504134,0.020833333333333332,243
9n9o,711,0.0,0.0,0.0,0.0,101
9nzo,694,0.0,0.0,0.0,0.0,132
9nzp,389,0.22946272669247803,0.11538461538461539,0.1794871794871795,0.3333333333333333,78
9nzq,750,0.0,0.0,0.0,0.0,74
9nzy,464,0.4766952471131394,0.32432432432432434,0.43636363636363634,0.45454545454545453,111
9oa7,863,0.0,0.0,0.0,0.0,124
9oa9,550,0.045326176683338756,0.02727272727272727,0.045454545454545456,0.09090909090909091,220
9oa6,369,0.046896865267515596,0.011494252873563218,0.022988505747126436,0.058823529411764705,174
9opx,553,0.3259368816896747,0.19230769230769232,0.3076923076923077,0.6,26
9pax,578,0.0,0.0,0.0,0.0,67
9pau,578,0.0,0.0,0.0,0.0,67
9p6h,701,0.0,0.0,0.0,0.0,67
9p3f,706,0.0,0.0,0.0,0.0,45
9pcm,577,0.0,0.0,0.0,0.0,68
9pbn,579,0.0,0.0,0.0,0.0,66
9ozv,359,0.1567713463281948,0.056338028169014086,0.11428571428571428,0.21428571428571427,71
9p9o,577,0.0,0.0,0.0,0.0,67
9phg,678,0.020822285501293475,0.06521739130434782,0.0,0.0,46
9pay,574,0.0,0.0,0.0,0.0,67
9oq0,553,0.2749475762299433,0.18181818181818182,0.2727272727272727,0.5,22
9qaa,284,0.0,0.0,0.0,0.0,46
9pas,579,0.0,0.0,0.0,0.0,67
9p9p,579,0.0,0.0,0.0,0.0,66
9pcn,580,0.0,0.0,0.0,0.0,67
9p9n,578,0.0,0.0,0.0,0.0,66
9pl2,238,0.6910779312310029,0.4027777777777778,0.6944444444444444,0.7857142857142857,72
9ply,591,0.0,0.0,0.0,0.0,54
9qa7,195,0.0,0.0,0.0,0.0,31
9q1h,229,0.0019158173533333125,0.016129032258064516,0.0,0.0,62
9q9v,274,0.04011658221552797,0.061224489795918366,0.041666666666666664,0.0,49
9qjg,310,0.0073694853954463825,0.014705882352941176,0.0,0.0,68
9r2z,157,0.013983864400925345,0.034482758620689655,0.0,0.0,58
9qdr,291,0.763145189114412,0.5764705882352941,0.788235294117647,0.8235294117647058,170
9ql9,302,0.0008848145003441188,0.014705882352941176,0.0,0.0,68
9qh2,472,0.296160503956162,0.20588235294117646,0.3137254901960784,0.35,102
9q3h,247,0.0,0.0,0.0,0.0,41
9qko,604,0.007367251997632496,0.02040816326530612,0.0,0.0,49
9qbx,508,0.0010198254920609723,0.010416666666666666,0.0,0.0,96
9qih,589,0.017091724414144235,0.03048780487804878,0.012195121951219513,0.0,164
9qwr,331,0.0,0.0,0.0,0.0,78
9r3e,596,0.0,0.0,0.0,0.0,23
9qtr,215,0.0,0.0,0.0,0.0,20
9q1f,734,0.0,0.0,0.0,0.0,122
9qz0,787,0.09951784363617121,0.045454545454545456,0.09090909090909091,0.25,44
9qr2,752,0.49033948954040457,0.3108108108108108,0.46846846846846846,0.5909090909090909,222
9qyg,362,0.02948214474373344,0.0273972602739726,0.027777777777777776,0.07142857142857142,73
9r8s,473,0.0,0.0,0.0,0.0,56
9r2g,707,0.0038082868386657472,0.005025125628140704,0.010101010101010102,0.0,199
9r43,882,0.0,0.0,0.0,0.0,11
9qz1,787,0.0982939903207995,0.044444444444444446,0.09090909090909091,0.2222222222222222,45
9rkp,211,0.0,0.0,0.0,0.0,108
9qp8,272,0.004298604322615343,0.03333333333333333,0.0,0.0,90
9qix,262,0.0,0.0,0.0,0.0,127
9r11,330,0.021234263592153354,0.020833333333333332,0.041666666666666664,0.0,48
9rxx,182,0.18093304897326273,0.06666666666666667,0.13636363636363635,0.3333333333333333,45
9rxw,181,0.19789158907569188,0.07692307692307693,0.15789473684210525,0.2857142857142857,39
9sa1,156,0.8932487487653032,0.6666666666666666,0.9555555555555556,1.0,90
9rpl,523,0.0,0.0,0.0,0.0,24
9qqw,566,0.4893434836536045,0.31521739130434784,0.4673913043478261,0.5555555555555556,184
9rt4,387,0.0,0.0,0.0,0.0,102
9smz,288,0.7164713269701902,0.5080213903743316,0.7419354838709677,0.8108108108108109,187
9si6,647,0.0,0.0,0.0,0.0,53
9s7k,678,0.0,0.0,0.0,0.0,46
9sni,255,0.01180029753275936,0.006622516556291391,0.013333333333333334,0.03333333333333333,151
9si7,604,0.0,0.0,0.0,0.0,43
9sfa,667,0.25522851334576563,0.16541353383458646,0.22727272727272727,0.34615384615384615,133
9snv,272,0.0,0.0,0.0,0.0,50
9sma,252,0.0,0.0,0.0,0.0,31
9t6t,204,0.730599382708787,0.4606741573033708,0.7272727272727273,1.0,89
9ten,606,0.0,0.0,0.0,0.0,194
9srj,302,0.6338700155594699,0.32142857142857145,0.5714285714285714,0.9545454545454546,112
9ucm,930,0.0,0.0,0.0,0.0,54
9udv,918,0.0,0.0,0.0,0.0,41
9t3l,214,0.0,0.0,0.0,0.0,37
9s9i,384,0.0,0.0,0.0,0.0,51
9u78,236,0.0,0.0,0.0,0.0,49
9t4z,445,0.34265688762461666,0.21153846153846154,0.34615384615384615,0.5,104
9uc5,188,0.059339795728560504,0.09615384615384616,0.038461538461538464,0.1,52
9sng,275,0.012837212049629263,0.015151515151515152,0.030303030303030304,0.0,66
9sxc,682,0.0,0.0,0.0,0.0,128
9sya,647,0.0,0.0,0.0,0.0,44
9us9,302,0.0,0.0,0.0,0.0,32
9udb,941,0.0,0.0,0.0,0.0,44
9u49,798,0.34914995936390053,0.14285714285714285,0.23214285714285715,0.5,112
9u3w,634,0.0,0.0,0.0,0.0,37
9u8e,896,0.0,0.0,0.0,0.0,115
9ter,594,0.0,0.0,0.0,0.0,123
9u8h,896,0.0,0.0,0.0,0.0,115
9uib,231,0.0,0.0,0.0,0.0,22
9uiu,297,0.0,0.0,0.0,0.0,48
9uat,752,0.0,0.0,0.0,0.0,51
9ve5,130,0.06808065575799749,0.06451612903225806,0.021739130434782608,0.05555555555555555,93
9ve6,131,0.06551800478543865,0.04,0.04,0.05,100
9ve7,129,0.055740052289788004,0.029411764705882353,0.0392156862745098,0.1,102
9vea,119,0.08457400693642238,0.031578947368421054,0.0425531914893617,0.10526315789473684,95
9veh,128,0.03303312905264243,0.02040816326530612,0.02040816326530612,0.05263157894736842,98
9ve8,121,0.036960075482577646,0.011494252873563218,0.023255813953488372,0.058823529411764705,87
9uwj,530,0.14923778988123823,0.07017543859649122,0.14285714285714285,0.2727272727272727,57
9udx,930,0.0,0.0,0.0,0.0,55
9u7b,282,0.4342547937972037,0.2912621359223301,0.4174757281553398,0.5365853658536586,206
9udw,904,0.0,0.0,0.0,0.0,48
9ude,944,0.0,0.0,0.0,0.0,45
9ve3,132,0.05495339598590095,0.041666666666666664,0.020833333333333332,0.05263157894736842,96
9ve4,122,0.0744315294067547,0.03296703296703297,0.06666666666666667,0.1111111111111111,91
9u82,896,0.0,0.0,0.0,0.0,118
9ukv,548,0.0,0.0,0.0,0.0,67
9uf7,900,0.0,0.0,0.0,0.0,25
9utm,302,0.0,0.0,0.0,0.0,19
9v8i,215,0.0,0.0,0.0,0.0,55
9uet,736,0.0,0.0,0.0,0.0,11
9upq,580,0.0,0.0,0.0,0.0,88
9uvr,820,0.0,0.0,0.0,0.0,53
9vbh,840,0.0,0.0,0.0,0.0,78
9uwz,264,0.7127527291302668,0.5185185185185185,0.675,0.8125,81
9ulw,734,0.0,0.0,0.0,0.0,52
9u84,896,0.0,0.0,0.0,0.0,114
9uuv,283,0.10171927915885602,0.13333333333333333,0.1,0.08333333333333333,60
9udd,944,0.0,0.0,0.0,0.0,44
9uu7,462,0.17655335947500095,0.08176100628930817,0.13924050632911392,0.1935483870967742,159
9vhm,640,0.1941726710109063,0.05555555555555555,0.1111111111111111,0.3333333333333333,18
9uwl,530,0.1322810492929648,0.07142857142857142,0.14285714285714285,0.18181818181818182,56
9w1n,814,0.0,0.0,0.0,0.0,23
9voa,374,0.5338379405540478,0.4175824175824176,0.5333333333333333,0.6666666666666666,91
9wt2,828,0.0,0.0,0.0,0.0,36
9vi5,608,0.0,0.0,0.0,0.0,22
9vbi,840,0.0,0.0,0.0,0.0,72
9vbg,838,0.0,0.0,0.0,0.0,70
9wvh,159,0.02070807070000292,0.02666666666666667,0.02666666666666667,0.0,150
9xgm,155,0.04408754312068183,0.041666666666666664,0.08333333333333333,0.0,24
9vkn,290,0.34093339890141244,0.3125,0.375,0.3333333333333333,48
9w02,482,0.0,0.0,0.0,0.0,58
9w03,476,0.0,0.0,0.0,0.0,47
9w26,546,0.0,0.0,0.0,0.0,78
9w8g,316,0.0,0.0,0.0,0.0,43
9vzx,483,0.0,0.0,0.0,0.0,59
9vkm,567,0.0,0.0,0.0,0.0,49
9w1o,814,0.0,0.0,0.0,0.0,23
9xzp,155,0.24288405820845252,0.1552511415525114,0.1926605504587156,0.32558139534883723,219
9xca,814,0.0,0.0,0.0,0.0,28
9wq2,736,0.0,0.0,0.0,0.0,70
9wzl,511,0.09359994623453183,0.030303030303030304,0.0625,0.16666666666666666,33
9vz0,287,0.27868179731425524,0.2222222222222222,0.3111111111111111,0.2222222222222222,90
9wzk,508,0.1441280278982253,0.037037037037037035,0.07692307692307693,0.2,27
9vj4,445,0.0,0.0,0.0,0.0,109
9x97,828,0.0,0.0,0.0,0.0,37
9wf2,704,0.018586172380276024,0.015151515151515152,0.030303030303030304,0.0,66
9ydy,100,0.9738625591753428,0.8484848484848485,1.0,1.0,66
9xb1,512,0.14155769421742093,0.06557377049180328,0.13333333333333333,0.25,61
9w04,611,0.009491199237647265,0.02127659574468085,0.0,0.0,94
9wno,814,0.0,0.0,0.0,0.0,123
9y4q,594,0.0,0.0,0.0,0.0,57
9y7d,405,0.0,0.0,0.0,0.0,20
9x8x,828,0.0,0.0,0.0,0.0,37
9yh9,343,0.0,0.0,0.0,0.0,64
9yrw,859,0.0,0.0,0.0,0.0,98
9yru,840,0.0,0.0,0.0,0.0,91
9yt3,859,0.0,0.0,0.0,0.0,90
9yt2,859,0.0,0.0,0.0,0.0,102
9ys1,858,0.0,0.0,0.0,0.0,92
9yud,709,0.6361298058282492,0.45,0.6,1.0,40
9yt0,859,0.0,0.0,0.0,0.0,96
9yxy,526,0.0,0.0,0.0,0.0,24
9yrx,856,0.0,0.0,0.0,0.0,95
9zfn,351,0.05972946031264073,0.10101010101010101,0.04081632653061224,0.05263157894736842,99
9zmy,227,0.0,0.0,0.0,0.0,5
9znn,771,0.12101707409070481,0.06896551724137931,0.13793103448275862,0.17391304347826086,116
9yt5,859,0.0,0.0,0.0,0.0,104
9ys2,859,0.0,0.0,0.0,0.0,94
9yrz,858,0.0,0.0,0.0,0.0,99
9zef,646,0.0,0.0,0.0,0.0,84
9ys0,859,0.0,0.0,0.0,0.0,98
9zee,638,0.0,0.0,0.0,0.0,81
9z4d,856,0.0,0.0,0.0,0.0,101
