entry_id,cluster,L_min,L_max,L_asym,log_depth_min,interface_density,log_n_true,mint_pak,boltz_msa_pak,boltz_nomsa_pak
10tq,3,428,428,0.0,3.633367445117007,0.0003384575072058,1.792391689498254,0.0,0.0,0.0
10ua,3,428,428,0.0,3.633367445117007,0.0003493754913092,1.806179973983887,0.0,0.0,0.0
28vj,1,55,358,0.8463687150837989,0.3010299956639812,0.0045200609446419,1.9493900066449128,0.0561797752808988,0.123595505952835,0.3033707737922668
7px1,2,84,84,0.0,0.9030899869919436,0.0107709750566893,1.8808135922807914,0.0657894736842105,0.078947365283966,0.1184210553765297
7qcn,3,407,407,0.0,3.9437417658313136,0.0007364970509933,2.0863598306747484,0.0,0.2213114798069,0.2295081913471222
7qes,2,182,184,0.0108695652173913,3.668292710448221,0.00188127090301,1.7993405494535817,0.0,0.0317460335791111,0.0
7qeu,2,173,186,0.0698924731182795,3.6884198220027113,0.001771396606377,1.7558748556724915,0.0,0.0175438597798347,0.0
7qrh,0,209,211,0.0094786729857819,3.5207454715194824,0.00115648880927,1.7075701760979363,0.0,0.0,0.0196078438311815
7qsp,0,123,125,0.016,3.8543667780408697,0.0008455284552845,1.1139433523068367,0.0,0.0,0.0
7qui,0,131,135,0.0296296296296296,3.607562243183588,0.0013570822731128,1.380211241711606,0.0,0.0,0.0
7sku,2,299,301,0.0066445182724252,2.184691430817599,0.0029000322225802,2.416640507338281,0.0,0.2950191497802734,0.0076628350652754
7sse,3,293,298,0.0167785234899328,3.2523675144598987,0.0006184575211306,1.7323937598229686,0.0,0.0,0.0
7sz2,2,175,180,0.0277777777777777,3.469822015978163,0.004095238095238,2.110589710299249,0.0,0.0,0.0077519379556179
7sz3,2,175,179,0.0223463687150838,3.469822015978163,0.0041181165203511,2.110589710299249,0.0,0.0,0.0155038759112358
7t4k,3,378,402,0.0597014925373134,3.154119525515847,0.0005198873358077,1.8976270912904414,0.0126582278481012,0.0,0.0
7t4l,3,376,377,0.0026525198938992,3.137354111370733,0.0006278571025452,1.9493900066449128,0.0112359550561797,0.0,0.0
7t4n,3,399,404,0.0123762376237623,3.230959555748569,0.0007072135785007,2.0569048513364727,0.0087719298245614,0.0,0.0
7t71,3,347,348,0.0028735632183908,2.170261715394957,0.0005217132067971,1.7993405494535817,0.0,0.0,0.0
7tuk,2,142,142,0.0,2.7671558660821804,0.0045625867883356,1.9637878273455553,0.0,0.0108695654198527,0.0760869532823562
7tul,0,138,140,0.0142857142857142,2.741939077729199,0.0030020703933747,1.7634279935629373,0.0172413793103448,0.0344827584922313,0.0
7tze,0,203,213,0.0469483568075117,2.9222062774390163,0.0006244362728092,1.4313637641589874,0.0,0.1111111119389534,0.0740740746259689
7tzl,3,271,271,0.0,3.898450919198375,0.0005174221483912,1.5797835966168101,0.0,0.0,0.0
7ubj,0,144,146,0.0136986301369863,3.1277525158329733,0.0016171993911719,1.5314789170422551,0.0,0.0,0.0
7ubk,2,146,147,0.0068027210884353,3.1277525158329733,0.0045196160656043,1.9867717342662448,0.0103092783505154,0.0206185560673475,0.0309278350323438
7uj4,3,442,447,0.0111856823266219,3.1559430179718366,0.0001214734732302,1.380211241711606,0.0,0.0,0.0
7ul6,3,439,439,0.0,3.777209258145685,0.0005188848127604,2.0,0.0,0.0399999991059303,0.0
7ula,3,316,430,0.2651162790697674,3.030194785356751,0.001788342655284,2.385606273598312,0.0,0.0,0.0041152262128889
7ut0,3,282,284,0.0070422535211267,3.937517892017347,0.0002871840974927,1.3617278360175928,0.0,0.0,0.0
7uxs,2,194,196,0.010204081632653,3.337259539750276,0.0023143277929728,1.9444826721501687,0.0,0.1477272659540176,0.0454545468091964
7vm0,3,386,406,0.0492610837438423,3.9654839242451385,0.0002233339288904,1.5440680443502757,0.0,0.0,0.0
7vse,0,155,155,0.0,4.2136505484610005,0.0015400624349635,1.568201724066995,0.0,0.1351351290941238,0.1081081107258796
7vwt,3,317,326,0.0276073619631901,2.989894563718773,0.0009096011302277,1.9731278535996986,0.0,0.0,0.0
7vzo,0,191,191,0.0,3.9558320102324216,0.0011786957594364,1.6334684555795866,0.0,0.0,0.0
7w2q,2,198,201,0.0149253731343283,3.9208534961212593,0.0018845168098899,1.8750612633917,0.1733333333333333,0.2399999946355819,0.1066666692495346
7w5q,2,114,117,0.0256410256410256,4.040997692423491,0.0042735042735042,1.7558748556724915,0.0,0.0,0.0
7w81,0,180,181,0.005524861878453,2.583198773968623,0.0005831798649478,1.2787536009528289,0.0,0.0,0.0
7wf9,2,122,123,0.008130081300813,3.1565491513317814,0.0125949620151939,2.2764618041732443,0.0476190476190476,0.0476190485060215,0.0211640205234289
7wgu,3,348,349,0.0028653295128939,3.845035993513415,0.000321114514376,1.591064607026499,0.0,0.0,0.0
7wj6,2,241,244,0.0122950819672131,3.459392487759231,0.0020406775049316,2.0791812460476247,0.0333333333333333,0.2416666597127914,0.0
7wj7,2,242,246,0.016260162601626,3.50365451924296,0.0019989249479271,2.075546961392531,0.042016806722689,0.0,0.0
7wze,2,154,155,0.0064516129032258,3.7038929536325447,0.0078341013824884,2.271841606536499,0.0267379679144385,0.0802139043807983,0.0
7x2p,0,213,215,0.0093023255813953,3.198657086954422,0.0006332569057757,1.462397997898956,0.0344827586206896,0.0,0.0
7x4t,3,292,298,0.0201342281879194,3.407900540142635,0.0003562563206766,1.4913616938342726,0.0,0.0,0.0
7x53,3,406,406,0.0,4.038302172199525,0.0003639981557426,1.7781512503836436,0.05,0.0,0.0
7xca,2,209,211,0.0094786729857819,0.6989700043360189,0.0021542438604049,1.9777236052888478,0.0210526315789473,0.0210526324808597,0.0
7xrb,0,220,220,0.0,3.0831441431430524,0.000495867768595,1.380211241711606,0.0,0.0,0.0
7xt2,3,388,388,0.0,3.89231726072248,0.0018599213518971,2.4471580313422194,0.0,0.0571428574621677,0.0
7xw7,1,227,567,0.599647266313933,3.55339751012388,0.0003962426869915,1.7075701760979363,0.0,0.0,0.0
7xwg,2,72,72,0.0,3.6120417446452695,0.0121527777777777,1.7993405494535817,0.0,0.2539682686328888,0.0158730167895555
7y3w,3,428,428,0.0,3.0863598306747484,0.0002129006900165,1.591064607026499,0.0,0.2307692319154739,0.0
7y5y,0,152,152,0.0,3.2801228963023075,0.0022074099722991,1.7075701760979363,0.0,0.0,0.0588235296308994
7y79,0,188,195,0.0358974358974358,2.5390760987927767,0.0011183851609383,1.6127838567197355,0.0,0.0,0.0
7y8s,3,275,288,0.0451388888888888,3.631849462159818,0.0011742424242424,1.968482948553935,0.0,0.0,0.0
7y8v,3,343,374,0.0828877005347593,1.591064607026499,0.0005222868368126,1.8260748027008264,0.0746268656716417,0.0,0.0
7y8x,3,347,370,0.0621621621621621,1.6127838567197357,0.0005452138016979,1.845098040014257,0.0,0.1571428626775741,0.0142857143655419
7yeo,3,381,382,0.0026178010471204,4.1027766148834415,0.0007214412334583,2.0211892990699383,0.0,0.0,0.0
7yka,0,118,122,0.0327868852459016,3.4423229557455746,0.0027090858571825,1.591064607026499,0.0256410256410256,0.0512820519506931,0.1025641039013862
7yn2,3,346,349,0.0085959885386819,1.146128035678238,0.0015568842440001,2.27415784926368,0.0,0.2872340381145477,0.0159574467688798
7ypd,2,237,243,0.0246913580246913,3.5241363765925686,0.0026566651039224,2.184691430817599,0.0326797385620915,0.0522875823080539,0.0130718955770134
7yr9,0,146,146,0.0,4.182813951257366,0.0010790016888722,1.3617278360175928,0.0,0.0,0.0
7yra,0,146,146,0.0,4.182813951257366,0.0008444361043347,1.255272505103306,0.0,0.0,0.0
7yuj,2,149,150,0.0066666666666666,3.92069713446992,0.0030872483221476,1.8388490907372552,0.0,0.0289855077862739,0.0289855077862739
7yun,0,91,92,0.0108695652173913,2.8609366207000937,0.0008361204013377,0.8450980400142568,0.0,0.0,0.0
7z27,0,162,172,0.0581395348837209,3.322839272686321,0.0016867642836635,1.6720978579357175,0.0212765957446808,0.1489361673593521,0.0212765950709581
7z6n,3,261,275,0.0509090909090909,3.984482306402264,0.000473702542668,1.5314789170422551,0.0,0.0,0.0
7zcg,2,147,159,0.0754716981132075,3.775974331129369,0.0055619732169597,2.113943352306837,0.0384615384615384,0.0,0.1153846159577369
7zch,2,147,159,0.0754716981132075,3.775974331129369,0.0059042484918495,2.1398790864012365,0.0289855072463768,0.0,0.0869565233588218
7zj1,2,82,84,0.0238095238095238,3.877601679729272,0.0074041811846689,1.7075701760979363,0.0784313725490196,0.0196078438311815,0.0
7zlq,2,82,82,0.0,3.89707700320942,0.0075847709696609,1.7075701760979363,0.0980392156862745,0.1372549086809158,0.1568627506494522
7zoo,0,123,124,0.0080645161290322,3.6126779183165016,0.0022292158405455,1.5314789170422551,0.0,0.0,0.0
7zop,0,124,128,0.03125,3.588271706842329,0.0021421370967741,1.5314789170422551,0.0,0.0,0.0
8a2f,2,122,129,0.0542635658914728,2.184691430817599,0.0040030499428135,1.7993405494535817,0.0,0.0158730167895555,0.0634920671582222
8a2g,2,143,146,0.0205479452054794,2.198657086954422,0.0051729092824983,2.03342375548695,0.0,0.0,0.0092592593282461
8a2n,3,290,290,0.0,3.1142772965615864,0.0013555291319857,2.0569048513364727,0.0,0.0614035092294216,0.0087719298899173
8a60,1,62,677,0.9084194977843428,0.8450980400142568,0.0026683184828703,2.0492180226701815,0.0178571428571428,0.1875,0.0714285746216774
8aa9,2,178,178,0.0,3.7845459740545215,0.0019252619618735,1.7853298350107671,0.0655737704918032,0.0,0.0
8aep,3,396,396,0.0,3.714329759745233,0.0006631976328946,2.0170333392987803,0.0,0.1634615361690521,0.0
8ag3,0,161,161,0.0,1.8512583487190752,0.0020060954438486,1.7160033436347992,0.0384615384615384,0.1153846159577369,0.0
8ant,2,79,80,0.0125,1.0791812460476249,0.0223101265822784,2.1492191126553797,0.0921985815602836,0.2978723347187042,0.1347517669200897
8anu,2,66,68,0.0294117647058823,1.0791812460476249,0.0225044563279857,2.0043213737826426,0.0396039603960396,0.0396039597690105,0.0297029707580804
8arf,2,96,97,0.0103092783505154,3.14921911265538,0.0138530927835051,2.110589710299249,0.1860465116279069,0.2015503942966461,0.2015503942966461
8b3s,2,147,240,0.3875,2.824776462475546,0.0020408163265306,1.8573324964312685,0.0,0.0,0.0
8b5s,3,362,363,0.0027548209366391,3.4192947217534604,0.0001750300595102,1.3617278360175928,0.0,0.0,0.0
8b63,3,364,365,0.0027397260273972,3.419625360887743,0.0002032214360981,1.4313637641589874,0.0,0.0,0.0
8b8v,1,32,365,0.9123287671232876,1.919078092376074,0.0068493150684931,1.9030899869919435,0.0125,0.0375000014901161,0.0125000001862645
8bgt,3,319,319,0.0,3.807805532270625,0.0002751545287487,1.4471580313422192,0.0,0.0,0.0
8bpt,0,139,139,0.0,2.717670503002262,0.0015527146628021,1.4771212547196624,0.0,0.0666666701436042,0.0
8brf,2,137,145,0.0551724137931034,1.944482672150169,0.003272086584445,1.8129133566428555,0.0,0.0,0.0
8btn,2,164,173,0.0520231213872832,3.3244882333076564,0.0039475539264063,2.0492180226701815,0.0,0.0,0.0
8bvk,2,214,225,0.0488888888888888,3.876621916034273,0.0018276220145379,1.9444826721501687,0.0227272727272727,0.0568181835114955,0.0
8bzr,0,82,162,0.4938271604938271,2.977266212427293,0.0026347485697079,1.5440680443502757,0.0,0.0285714287310838,0.0
8cbc,3,449,455,0.0131868131868131,3.769820257763592,0.0001909004136175,1.591064607026499,0.0,0.0,0.0
8chu,2,140,143,0.0209790209790209,3.458033192496506,0.003046953046953,1.7853298350107671,0.0491803278688524,0.0,0.0
8cm0,2,114,159,0.2830188679245283,2.2671717284030137,0.0118062451726801,2.330413773349191,0.02803738317757,0.0140186911448836,0.0373831763863563
8cqm,0,221,230,0.0391304347826087,3.002597980719909,0.0004524886877828,1.3617278360175928,0.0,0.0,0.0
8cus,0,135,201,0.3283582089552239,3.99409708958821,0.0013266998341625,1.5563025007672873,0.0,0.0,0.8333333134651184
8cut,0,134,203,0.3399014778325123,3.992376759798803,0.0013601941033747,1.568201724066995,0.0,0.0,0.8648648858070374
8cwz,0,135,203,0.334975369458128,3.991978790994584,0.0014595876664842,1.6020599913279625,0.0,0.0,0.8500000238418579
8czj,3,295,296,0.0033783783783783,3.9769915453061504,0.0006298671552908,1.7403626894942439,0.0181818181818181,0.0,0.0
8dax,2,248,248,0.0,3.5646660642520893,0.0014145421436004,1.9395192526186185,0.0804597701149425,0.0344827584922313,0.0
8dc5,0,217,219,0.0091324200913242,1.863322860120456,0.0003577215243145,1.2304489213782739,0.0,0.0,0.0
8dek,3,440,441,0.0022675736961451,2.8750612633917,0.0003968253968253,1.8864907251724818,0.0,0.0,0.0
8dfx,0,209,216,0.0324074074074074,3.879210605291759,0.000465178096757,1.3222192947339193,0.0,0.0,0.0
8dko,3,384,393,0.0229007633587786,3.9790473269479647,0.0003644508057675,1.7403626894942439,0.0545454545454545,0.1818181872367859,0.0
8dkq,3,381,388,0.018041237113402,3.99947853367931,0.0002435262602483,1.5563025007672873,0.0833333333333333,0.1111111119389534,0.0
8dss,0,63,128,0.5078125,4.203875623277334,0.0032242063492063,1.414973347970818,0.0384615384615384,0.2307692319154739,0.0384615398943424
8du5,3,366,366,0.0,3.803593664771344,0.0002986055122577,1.6020599913279625,0.025,0.0,0.0
8e8t,3,398,408,0.0245098039215686,3.8806421264042847,4.926593753079121e-05,0.9030899869919435,0.0,0.0,0.0
8e90,3,462,462,0.0,3.153204900084284,0.0003373250126496,1.8573324964312685,0.0,0.0,0.0
8ea6,2,121,124,0.0241935483870967,3.932828766900847,0.0043321780858437,1.8129133566428555,0.0615384615384615,0.2615384757518768,0.0
8ea8,2,120,123,0.024390243902439,3.926136571067449,0.0058265582655826,1.9344984512435677,0.0697674418604651,0.2441860437393188,0.0
8eaa,2,120,123,0.024390243902439,3.939319531078238,0.0049457994579945,1.863322860120456,0.0821917808219178,0.2876712381839752,0.0
8edi,0,200,200,0.0,3.809559714635268,0.0008,1.505149978319906,0.0,0.0,0.0
8ek4,2,134,135,0.0074074074074074,0.3010299956639812,0.0049198452183526,1.9493900066449128,0.0112359550561797,0.0,0.0
8er5,0,122,123,0.008130081300813,4.141136090120739,0.0028655204584832,1.6334684555795866,0.0232558139534883,0.0,0.0
8evm,2,235,237,0.0084388185654008,1.380211241711606,0.0025855103689738,2.1583624920952498,0.0347222222222222,0.0277777779847383,0.1319444477558136
8ey4,2,58,86,0.3255813953488372,3.3710678622717363,0.0122293504410585,1.7853298350107671,0.0163934426229508,0.0,0.0163934417068958
8far,0,136,203,0.3300492610837438,3.990915754506085,0.0013764126340191,1.5797835966168101,0.0,0.0,0.8684210777282715
8fet,3,334,334,0.0,3.945025201242463,0.0003854566316468,1.6334684555795866,0.0,0.0,0.0
8feu,3,334,334,0.0,3.945025201242463,0.000412348954785,1.662757831681574,0.0,0.0,0.0
8fev,3,334,334,0.0,3.945025201242463,0.0004033848470723,1.6532125137753437,0.0,0.0,0.0
8few,3,334,334,0.0,3.945025201242463,0.000412348954785,1.662757831681574,0.0,0.0,0.0
8fin,0,173,174,0.0057471264367816,1.146128035678238,0.0023254268819347,1.845098040014257,0.0,0.1714285761117935,0.1857142895460128
8fio,3,335,335,0.0,3.934043719035525,0.0002940521274225,1.5185139398778875,0.0,0.0,0.0
8fiq,1,25,172,0.8546511627906976,0.3010299956639812,0.0160465116279069,1.8388490907372552,0.0,0.0,0.9275362491607666
8fjd,3,297,298,0.0033557046979865,3.5358002908248976,0.0005762321198562,1.7075701760979363,0.0,0.0,0.0
8fje,0,136,136,0.0,0.3010299956639812,0.0029195501730103,1.7323937598229686,0.0925925925925925,0.0370370373129844,0.0185185186564922
8fm6,0,94,102,0.0784313725490196,3.815378484965918,0.0005214851898206,0.6989700043360189,0.0,0.0,0.0
8fvt,0,96,96,0.0,0.3010299956639812,0.0010850694444444,1.0,0.0,0.0,0.0
8g3k,0,136,149,0.087248322147651,3.893595333819883,0.0015791551519936,1.505149978319906,0.03125,0.0,0.15625
8g9k,2,199,201,0.0099502487562189,0.9542425094393248,0.0022500562514062,1.9542425094393248,0.0777777777777777,0.0666666701436042,0.0444444455206394
8gp6,2,261,285,0.0842105263157894,2.0211892990699383,0.0032264569469651,2.380211241711606,0.0083333333333333,0.0,0.0125000001862645
8gpw,3,395,399,0.0100250626566416,4.06329582107352,0.0002728339836934,1.6334684555795866,0.0,0.0,0.0
8gvl,3,285,288,0.0104166666666666,3.765146790108025,0.0001705653021442,1.146128035678238,0.0,0.0,0.0
8gxl,0,119,122,0.0245901639344262,3.260786668654976,0.0024796803967488,1.5563025007672873,0.0277777777777777,0.0,0.0
8gxm,0,119,122,0.0245901639344262,3.260786668654976,0.0024796803967488,1.5563025007672873,0.0277777777777777,0.0,0.0
8gy8,3,375,375,0.0,3.4614985267830187,0.0005475555555555,1.8864907251724818,0.0,0.0,0.0
8gyh,3,417,421,0.009501187648456,4.2564772062416765,0.0012132811565474,2.3283796034387376,0.0375586854460093,0.0938967168331146,0.0093896714970469
8h2d,0,138,140,0.0142857142857142,3.3912880485952974,0.00175983436853,1.5314789170422551,0.0294117647058823,0.0294117648154497,0.0
8h56,2,154,154,0.0,3.292256071356476,0.0060296846011131,2.155336037465062,0.0139860139860139,0.2167832106351852,0.0699300691485405
8h92,0,200,201,0.0049751243781094,2.869231719730976,0.0014179104477611,1.7558748556724915,0.0,0.2807017564773559,0.0
8hav,3,399,399,0.0,4.161487791087453,0.0003391938492848,1.7323937598229686,0.0,0.1851851791143417,0.0
8hdv,2,129,131,0.015267175572519,0.4771212547196624,0.0088170897686253,2.173186268412274,0.0134228187919463,0.0067114094272255,0.0067114094272255
8hgj,1,107,278,0.6151079136690647,3.5631249603380444,0.0005715054124924,1.2304489213782739,0.0,0.0,0.0
8hgv,3,281,284,0.0105633802816901,3.5613399414589013,0.0002004912034484,1.2041199826559248,0.0,0.0,0.0
8hle,3,380,380,0.0,2.6444385894678386,0.0002077562326869,1.4771212547196624,0.0,0.0,0.0
8hn2,0,109,109,0.0,4.000867721531227,0.0018516959851864,1.3424226808222062,0.1818181818181818,0.0,0.0
8hvq,0,230,230,0.0,3.5943925503754266,0.0004158790170132,1.3424226808222062,0.0,0.0,0.0
8hyn,2,157,158,0.0063291139240506,2.2624510897304293,0.0042731597194227,2.0253058652647704,0.1320754716981132,0.0283018872141838,0.1698113232851028
8i6j,1,170,500,0.66,3.71758729685546,0.0042235294117647,2.5550944485783194,0.0,0.0,0.0
8i80,2,278,285,0.0245614035087719,3.4869968884318228,0.0016786570743405,2.123851640967086,0.0,0.0225563906133174,0.0
8i85,3,280,285,0.0175438596491228,3.4869968884318228,0.0014661654135338,2.0681858617461617,0.0,0.0,0.0
8i86,3,280,285,0.0175438596491228,3.4869968884318228,0.0014912280701754,2.075546961392531,0.0,0.0,0.0
8iha,0,116,129,0.1007751937984496,3.416640507338281,0.0015370221865811,1.3617278360175928,0.0,0.0,0.0
8ikr,0,177,194,0.0876288659793814,4.041392685158225,0.0014269905061447,1.6901960800285136,0.0,0.2653061151504516,0.061224490404129
8irz,3,372,378,0.0158730158730158,3.5441921107650325,0.0002346816862945,1.5185139398778875,0.0,0.0,0.0
8is0,3,373,377,0.0106100795755968,3.5289167002776547,0.0002204507150425,1.4913616938342726,0.0,0.0,0.0
8ixw,2,162,168,0.0357142857142857,0.4771212547196624,0.0060626102292768,2.2174839442139063,0.0181818181818181,0.072727270424366,0.0606060624122619
8j2f,3,384,384,0.0,3.467608105583633,0.0006239149305555,1.9637878273455553,0.0,0.0,0.0
8j72,3,275,277,0.0072202166064981,4.223911086872275,0.0001706596652445,1.1139433523068367,0.0,0.0,0.0
8je4,3,289,295,0.0203389830508474,2.2600713879850747,0.0002815084159286,1.380211241711606,0.0,0.0,0.0
8jh0,3,262,265,0.0113207547169811,3.3581252852766488,0.0007489557828028,1.7160033436347992,0.0,0.0,0.0
8jpa,2,130,133,0.0225563909774436,0.4771212547196624,0.0093117408906882,2.2068258760318495,0.0124223602484472,0.0062111802399158,0.0062111802399158
8jqf,3,286,289,0.0103806228373702,3.946992340748373,0.0007985094490284,1.8195439355418688,0.0,0.0606060624122619,0.0
8jqk,3,335,342,0.0204678362573099,3.8649854606597938,0.0001658374792703,1.2787536009528289,0.0,0.0,0.0
8jsk,0,158,158,0.0,3.858296524533885,0.0005608075628905,1.146128035678238,0.0,0.0,0.0
8jtk,1,105,194,0.4587628865979381,2.294466226161593,0.008541973490427,2.2405492482825995,0.0057471264367816,0.0,0.0
8k1d,3,305,305,0.0,3.4622482153549976,0.0006342381080354,1.7708520116421442,0.0,0.1694915294647216,0.0
8k1r,3,406,408,0.0049019607843137,3.8841153620116686,0.0005433207765864,1.9542425094393248,0.0,0.1222222223877906,0.0
8ka6,2,144,148,0.027027027027027,0.4771212547196624,0.0038945195195195,1.919078092376074,0.0,0.0,0.0
8kdz,3,256,256,0.0,3.224014811372864,0.00048828125,1.505149978319906,0.0,0.0,0.0
8kht,3,284,285,0.0035087719298245,3.2830749747354715,0.0004694835680751,1.5797835966168101,0.0,0.0,0.0
8of7,2,119,139,0.1438848920863309,2.0863598306747484,0.0056828486790399,1.9731278535996986,0.0106382978723404,0.1914893686771392,0.6276595592498779
8ofj,0,152,152,0.0,3.9339931638312415,0.0013850415512465,1.505149978319906,0.0,0.0,0.0625
8oro,3,273,273,0.0,3.2079035303860515,0.0002817695125387,1.3222192947339193,0.0,0.0,0.0
8oxg,3,368,369,0.002710027100271,3.811709026696191,0.0003608459997643,1.6901960800285136,0.0,0.0,0.0
8p6m,0,129,131,0.015267175572519,4.150633653746429,0.0018936031717853,1.505149978319906,0.0,0.0,0.0
8pb3,3,310,310,0.0,3.807670301230484,0.0002497398543184,1.380211241711606,0.0,0.0,0.0
8pb8,3,309,311,0.0064308681672025,3.780677274433368,0.0001873068398214,1.255272505103306,0.0,0.0,0.0
8pd4,2,199,199,0.0,3.985336641735613,0.0025756925330168,2.0086001717619175,0.0,0.0,0.0
8pdk,0,137,139,0.014388489208633,3.97639583661188,0.0018904584361707,1.5563025007672873,0.0,0.0,0.0
8pdo,3,351,351,0.0,2.037426497940624,0.0012662234884457,2.1931245983544616,0.0064102564102564,0.0,0.0
8pe0,0,141,141,0.0,3.971600520230059,0.0017101755444897,1.5314789170422551,0.0,0.0,0.0
8pfa,0,137,138,0.0072463768115942,4.004965887106824,0.0017983708875489,1.5314789170422551,0.0,0.0,0.0
8pfd,1,98,187,0.4759358288770053,2.285557309007774,0.0028374986358179,1.7160033436347992,0.0,0.2115384638309478,0.0
8pno,0,199,202,0.0148514851485148,3.8452221064290137,0.0011443355390815,1.662757831681574,0.0,0.0,0.0434782616794109
8po5,0,124,125,0.008,2.7307822756663893,0.0003870967741935,0.7781512503836436,0.0,0.0,0.0
8pqp,0,154,154,0.0,3.250175948083925,0.0020239500758981,1.6812412373755872,0.0,0.0,0.0
8pr6,2,78,79,0.0126582278481012,3.822560336942692,0.0150925024342745,1.968482948553935,0.021505376344086,0.0967741906642913,0.0752688199281692
8puh,0,79,79,0.0,3.15106325335375,0.0062489985579234,1.591064607026499,0.0,0.0256410259753465,0.0
8puj,3,322,322,0.0,3.37675939540488,0.0002314725512133,1.380211241711606,0.0,0.0,0.0
8pz3,3,290,296,0.0202702702702702,3.8105013477665297,0.0015843429636533,2.1335389083702174,0.0,0.2647058963775635,0.0514705888926982
8pzh,0,115,117,0.017094017094017,2.7558748556724915,0.0004459308807134,0.7781512503836436,0.0,0.0,0.0
8pzo,0,122,123,0.008130081300813,2.7466341989375787,0.0004664800746368,0.8450980400142568,0.0,0.0,0.0
8q0t,3,269,277,0.0288808664259927,3.895643504824079,0.0006576033712238,1.6901960800285136,0.0,0.0,0.0
8q1o,0,178,178,0.0,2.146128035678238,0.0002524933720489,0.9030899869919435,0.0,0.0,0.0
8q28,0,235,236,0.0042372881355932,2.4653828514484184,0.0004868373602596,1.4313637641589874,0.0,0.0,0.0
8q29,0,241,242,0.0041322314049586,2.4771212547196626,0.0005658242172764,1.5185139398778875,0.0,0.0303030312061309,0.0
8q8g,3,266,272,0.0220588235294117,3.6755950563867454,0.0004146395400265,1.4771212547196624,0.0,0.0666666701436042,0.0
8q8o,0,138,138,0.0,3.15956719323362,0.0024679689140936,1.6720978579357175,0.0,0.0,0.0
8qcl,3,389,390,0.0025641025641025,4.044618145823885,0.0004020829213631,1.7853298350107671,0.0,0.2459016442298889,0.0
8qef,3,388,390,0.0051282051282051,4.04410838744612,0.000396510705789,1.7781512503836436,0.0,0.0,0.0
8qfq,0,144,153,0.0588235294117647,3.780821175853473,0.0005446623093681,1.0791812460476249,0.0,0.0,0.0
8qlo,3,437,455,0.0395604395604395,3.3960248966085933,0.0013025875726104,2.413299764081252,0.0038610038610038,0.0,0.0
8qpl,3,326,331,0.0151057401812688,4.128657700431415,0.000287287083202,1.4913616938342726,0.0,0.0,0.0967741906642913
8r07,0,100,105,0.0476190476190476,3.4779889762508893,0.0027619047619047,1.462397997898956,0.0,0.0344827584922313,0.0
8r2t,3,410,417,0.0167865707434052,4.087923320925297,0.0002632040708896,1.6532125137753437,0.0,0.0,0.0
8r3f,0,102,103,0.0097087378640776,3.524396122103842,0.0027603274319436,1.462397997898956,0.0,0.0,0.0
8r4z,3,340,341,0.002932551319648,2.710117365111816,9.487666034155598e-05,1.041392685158225,0.0,0.0,0.0
8rb7,0,180,180,0.0,3.185542154854375,0.0008641975308641,1.4471580313422192,0.0,0.0,0.0
8rg5,3,350,354,0.0112994350282485,3.09725730969342,0.0001614205004035,1.3010299956639813,0.0,0.0,0.0
8rhi,3,273,276,0.0108695652173913,4.239599751885042,0.0010882836969793,1.9138138523837167,0.0,0.0,0.0
8rkh,2,219,219,0.0,2.7134905430939424,0.0014595191926773,1.845098040014257,0.0,0.2285714298486709,0.0
8rqj,2,129,131,0.015267175572519,3.625621081424908,0.0044973075329901,1.8808135922807914,0.0,0.0,0.0
8rv3,0,126,126,0.0,1.7993405494535817,0.0034643487024439,1.7403626894942439,0.1454545454545454,0.2727272808551788,0.2545454502105713
8rvc,3,340,340,0.0,2.833784374656479,8.650519031141868e-05,1.0,0.0,0.0,0.0
8rwu,2,91,93,0.021505376344086,1.6989700043360187,0.0077986529599432,1.8195439355418688,0.0454545454545454,0.2575757503509521,0.0757575780153274
8rxo,2,90,104,0.1346153846153846,1.6127838567197357,0.0066239316239316,1.792391689498254,0.0483870967741935,0.0161290317773818,0.0322580635547637
8s0u,3,257,257,0.0,2.6483600109809315,0.000832715105452,1.7403626894942439,0.0,0.0,0.0
8s1j,3,300,302,0.0066225165562913,2.645422269349092,0.0006401766004415,1.7634279935629373,0.0,0.0,0.0689655169844627
8s2f,2,180,181,0.005524861878453,2.3483048630481607,0.0024248004910988,1.8976270912904414,0.0126582278481012,0.0,0.0
8s2p,0,185,189,0.0211640211640211,2.3502480183341627,0.0016874016874016,1.7708520116421442,0.0169491525423728,0.0,0.0
8s4s,0,128,130,0.0153846153846153,2.0791812460476247,0.0022235576923076,1.568201724066995,0.0,0.0,0.0
8s5t,1,93,243,0.6172839506172839,1.6532125137753435,0.0084074516571529,2.278753600952829,0.0157894736842105,0.0,0.0
8s6s,0,173,173,0.0,3.13956426617585,0.0005680109592702,1.2304489213782739,0.0,0.0,0.0
8s71,0,172,174,0.0114942528735632,3.115277591395901,0.0005012028869286,1.1760912590556813,0.0,0.0,0.0
8sbq,2,277,277,0.0,3.60086403630984,0.0050697910829021,2.5899496013257077,0.0128534704370179,0.1156812310218811,0.0745501294732093
8sm0,1,129,400,0.6775,1.2041199826559248,0.0009496124031007,1.6901960800285136,0.0,0.122448980808258,0.0
8snz,0,152,167,0.0898203592814371,3.935406489752349,0.0005515285219035,1.146128035678238,0.0,0.0,0.0
8srz,0,88,88,0.0,1.146128035678238,0.0046487603305785,1.5563025007672873,0.0555555555555555,0.2777777910232544,0.1111111119389534
8stb,2,213,215,0.0093023255813953,4.084754963179354,0.0020307893874877,1.968482948553935,0.0,0.0,0.0
8sy2,2,198,198,0.0,3.472317546316842,0.0016579940822365,1.8129133566428555,0.0,0.0,0.0
8sy3,2,200,209,0.0430622009569378,3.520352504083318,0.0015311004784688,1.806179973983887,0.0,0.0,0.0
8t19,1,8,86,0.9069767441860463,0.3010299956639812,0.0537790697674418,1.568201724066995,0.0,0.2432432472705841,0.4594594538211822
8t66,2,155,156,0.0064102564102564,2.3096301674258988,0.0045905707196029,2.0453229787866576,0.09009009009009,0.1351351290941238,0.0720720738172531
8t87,2,277,277,0.0,3.60086403630984,0.0051870870205528,2.5998830720736876,0.0125628140703517,0.1130653247237205,0.0728643238544464
8t88,2,277,277,0.0,3.60086403630984,0.0051088897287857,2.593286067020457,0.0127551020408163,0.1173469424247741,0.0765306130051612
8tfw,2,277,277,0.0,3.60086403630984,0.0051479883746692,2.59659709562646,0.010126582278481,0.1215189844369888,0.0784810110926628
8tfz,0,177,177,0.0,3.8755821043278855,0.0006064668517986,1.2787536009528289,0.0,0.0,0.0
8tgg,3,375,383,0.02088772845953,3.536179532137225,0.0002645778938207,1.5797835966168101,0.0,0.0,0.0
8tgh,3,383,384,0.0026041666666666,3.530455843584676,0.0002515774586597,1.568201724066995,0.0,0.0,0.0
8tgi,3,382,385,0.0077922077922077,3.526597709103452,0.0002515808798531,1.568201724066995,0.0,0.0,0.0
8tgj,3,380,380,0.0,3.5272431163880884,0.0002631578947368,1.5797835966168101,0.0,0.0,0.0
8tgk,3,382,384,0.0052083333333333,3.5286596452349897,0.0002522360383944,1.568201724066995,0.0,0.0,0.0
8tgl,3,379,381,0.0052493438320209,3.527372082827612,0.0002493092057424,1.5563025007672873,0.0,0.0,0.0
8tgm,3,384,384,0.0,3.526468512469477,0.0002373589409722,1.5440680443502757,0.0,0.0,0.0
8tgn,3,377,384,0.0182291666666666,3.524266268766979,0.0002763041556145,1.6020599913279625,0.0,0.0,0.0
8tk9,1,56,204,0.7254901960784313,2.6830470382388496,0.0053396358543417,1.7853298350107671,0.1475409836065573,0.0655737668275833,0.0
8tka,3,332,332,0.0,1.0791812460476249,0.0004082595442009,1.6532125137753437,0.0,0.0,0.0
8tlh,0,104,104,0.0,3.721398375521505,0.0008321005917159,0.9542425094393249,0.0,0.0,0.0
8tlj,0,104,104,0.0,3.721398375521505,0.0008321005917159,0.9542425094393249,0.0,0.0,0.0
8tlk,0,101,105,0.0380952380952381,3.729488769179561,0.0006600660066006,0.8450980400142568,0.0,0.0,0.0
8tm0,2,163,253,0.3557312252964427,3.484157424365381,0.0015034312180217,1.792391689498254,0.0,0.2419354766607284,0.0806451588869094
8tn8,2,252,253,0.0039525691699604,0.7781512503836436,0.0019605997866867,2.0969100130080562,0.0,0.0,0.0
8u1a,3,323,324,0.0030864197530864,0.3010299956639812,0.0002102205404578,1.3424226808222062,0.0,0.0,0.0
8u48,3,261,261,0.0,3.2973227142053028,0.0004110333083777,1.4471580313422192,0.0,0.0,0.0
8u8l,0,121,123,0.016260162601626,2.008600171761917,0.0004703352818652,0.8450980400142568,0.0,0.0,0.0
8u99,3,391,391,0.0,4.085504639426498,0.0006279393776859,1.9822712330395684,0.0,0.0,0.0
8uen,3,334,335,0.0029850746268656,2.6532125137753435,0.0002502457771025,1.4471580313422192,0.0,0.0,0.0
8ugm,2,277,277,0.0,3.60086403630984,0.0051088897287857,2.593286067020457,0.0127551020408163,0.1071428582072258,0.0688775479793548
8uix,2,277,279,0.007168458781362,3.574147064150723,0.0051110852321985,2.59659709562646,0.010126582278481,0.0607594922184944,0.1291139274835586
8upz,3,391,393,0.005089058524173,4.0071501053666845,0.0004164958382954,1.806179973983887,0.046875,0.296875,0.0
8uq1,3,391,393,0.005089058524173,4.0071501053666845,0.0004164958382954,1.806179973983887,0.046875,0.296875,0.0
8utk,0,55,55,0.0,0.3010299956639812,0.0122314049586776,1.568201724066995,0.1081081081081081,0.2702702581882477,0.2702702581882477
8uwm,2,277,277,0.0,3.60086403630984,0.0052913500762423,2.6085260335771943,0.0123152709359605,0.1576354652643203,0.064039409160614
8uyf,3,399,400,0.0025,3.2884728005997825,0.0007142857142857,2.0569048513364727,0.0087719298245614,0.0,0.0
8uyh,3,369,374,0.0133689839572192,3.2335037603411343,0.0007970667941973,2.041392685158225,0.009090909090909,0.0,0.0
8uyi,3,367,367,0.0,3.2314695904306814,0.0006385079702128,1.9344984512435677,0.0116279069767441,0.0,0.0
8v2y,0,151,167,0.0958083832335329,3.917663024327375,0.0005155252409089,1.1139433523068367,0.0,0.0,0.0
8va9,0,213,214,0.0046728971962616,3.706632450873295,0.0007459084726427,1.5314789170422551,0.0,0.0,0.0
8vag,0,214,214,0.0,3.7028611705729295,0.0006987509826185,1.505149978319906,0.0,0.0,0.0
8vai,0,213,215,0.0093023255813953,3.7028611705729295,0.0007642755759362,1.5440680443502757,0.0,0.0,0.0
8vgt,3,280,349,0.1977077363896848,2.257678574869185,0.0004093327875562,1.6020599913279625,0.0,0.0,0.0
8vva,0,74,76,0.0263157894736842,2.5185139398778875,0.0071123755334281,1.6020599913279625,0.0,0.0,0.0
8w0k,3,380,383,0.0078328981723237,4.017700971224117,0.000247354679126,1.5563025007672873,0.0833333333333333,0.0,0.0
8w14,2,147,158,0.0696202531645569,3.9821354948037695,0.0032291397571686,1.8750612633917,0.0,0.0,0.0
8w2t,3,284,284,0.0,3.9807757739626215,0.0004587383455663,1.568201724066995,0.0,0.0,0.0
8w33,2,140,148,0.054054054054054,2.818225893613956,0.0055984555984555,2.0644579892269186,0.0086206896551724,0.0603448264300823,0.1120689660310745
8w6p,3,412,413,0.0024213075060532,3.809222921689422,0.0002233244787136,1.5797835966168101,0.0,0.0,0.0
8wab,2,176,178,0.0112359550561797,3.647089428716555,0.0028089887640449,1.9444826721501687,0.0568181818181818,0.1818181872367859,0.159090906381607
8wag,2,233,235,0.0085106382978723,3.2347702951609163,0.0018993699205552,2.0170333392987803,0.0096153846153846,0.1057692319154739,0.0576923079788684
8wc0,3,477,478,0.002092050209205,3.6586790285824486,0.0003684113575958,1.9242792860618816,0.0238095238095238,0.095238097012043,0.0
8wcm,2,243,243,0.0,1.9242792860618816,0.0014225473759081,1.9242792860618816,0.0,0.0,0.0357142873108387
8wjb,3,419,421,0.004750593824228,1.7323937598229686,0.0001360551930566,1.380211241711606,0.0,0.0,0.0
8woj,0,72,73,0.0136986301369863,1.9493900066449128,0.0032343987823439,1.2304489213782739,0.0,0.0,0.0
8wqp,0,233,233,0.0,3.432327792261604,0.000847317136068,1.662757831681574,0.0,0.0,0.0
8wxd,3,419,419,0.0,3.828079590556746,0.0005012502776812,1.9444826721501687,0.0,0.0,0.0
8x39,0,138,139,0.0071942446043165,3.5548524343720542,0.0022416849129392,1.6334684555795866,0.0,0.0465116277337074,0.0
8x4n,0,99,119,0.1680672268907563,1.9138138523837167,0.001527883880825,1.255272505103306,0.0,0.0,0.0
8x6v,3,260,261,0.003831417624521,3.508798965403905,0.0008841732979664,1.7781512503836436,0.0,0.0,0.0
8x8j,2,234,235,0.0042553191489361,3.5035183127240748,0.0030369158028732,2.2227164711475833,0.0239520958083832,0.0119760483503341,0.0
8xat,2,187,190,0.0157894736842105,4.15944687338747,0.0015198423867154,1.7323937598229686,0.0,0.0,0.0
8xbv,0,221,221,0.0,4.1026394836913,0.0007575602465141,1.568201724066995,0.0,0.0,0.0
8xc8,2,224,234,0.0427350427350427,3.17260293120986,0.0028998778998779,2.1818435879447726,0.006578947368421,0.0,0.0
8xeo,0,99,100,0.01,3.905957699092427,0.0034343434343434,1.5314789170422551,0.0294117647058823,0.2352941185235977,0.0
8xgq,3,354,403,0.1215880893300248,3.0453229787866576,0.0011565798881271,2.2174839442139063,0.0,0.0,0.0
8xgx,2,210,211,0.0047393364928909,3.238798562713917,0.0025276461295418,2.0492180226701815,0.0178571428571428,0.0267857145518064,0.0
8xj4,3,346,347,0.0028818443804034,3.8674674878590514,0.0005413869500757,1.8129133566428555,0.0769230769230769,0.2000000029802322,0.0
8xlz,2,211,214,0.014018691588785,3.2234959409623944,0.0024582539752845,2.0453229787866576,0.018018018018018,0.0270270276814699,0.0
8xoc,2,214,214,0.0,3.2242740142942576,0.0024456284391649,2.0492180226701815,0.0178571428571428,0.0,0.0
8xoq,0,231,239,0.0334728033472803,3.906227263052359,0.0004890506982557,1.4313637641589874,0.0,0.0,0.0
8ydl,3,446,446,0.0,2.24551266781415,0.0001759536688853,1.5440680443502757,0.0,0.0,0.0
8yey,0,147,147,0.0,3.71357453777207,0.0018048035540746,1.591064607026499,0.0,0.1282051354646682,0.0256410259753465
8yja,0,168,170,0.0117647058823529,3.106190897263416,0.0011904761904761,1.5314789170422551,0.0,0.0,0.147058829665184
8yl4,0,198,207,0.0434782608695652,0.3010299956639812,0.0014395159322695,1.7708520116421442,0.0,0.0,0.0
8yla,3,323,328,0.0152439024390243,2.450249108319361,0.0004719474439326,1.6989700043360187,0.0,0.0,0.0
8ymk,2,226,226,0.0,2.8369567370595505,0.0020949173780249,2.0293837776852097,0.0467289719626168,0.2803738415241241,0.0373831763863563
8ynx,1,88,161,0.453416149068323,1.2041199826559248,0.0150338791643139,2.3283796034387376,0.0234741784037558,0.0704225376248359,0.1455399096012115
8yo6,0,82,82,0.0,2.100370545117563,0.0049077929803688,1.5185139398778875,0.0,0.2727272808551788,0.0303030312061309
8yoy,3,289,364,0.206043956043956,2.2600713879850747,0.0003041940758203,1.505149978319906,0.0,0.0,0.0
8yqg,0,154,157,0.019108280254777,1.5314789170422551,0.0011994375051699,1.462397997898956,0.0,0.0,0.0
8yqq,3,285,364,0.217032967032967,2.8813846567705728,0.0003181029496818,1.5185139398778875,0.0,0.0,0.0
8yri,0,144,144,0.0,3.8229522405474814,0.0012538580246913,1.414973347970818,0.0,0.1538461595773697,0.0
8ytc,0,166,166,0.0,4.036549054479153,0.0013064305414428,1.5563025007672873,0.0,0.0,0.0
8ytr,2,126,127,0.0078740157480314,3.654850090561394,0.0054368203974503,1.9395192526186185,0.0,0.0,0.0
8z1i,2,271,274,0.010948905109489,3.0398105541483504,0.0013467287957551,2.0,0.0,0.0,0.1199999973177909
8z4f,2,222,300,0.26,1.6232492903979006,0.0009759759759759,1.8129133566428555,0.0,0.0,0.0
8za7,1,180,332,0.4578313253012048,3.132579847659737,0.0018072289156626,2.03342375548695,0.0092592592592592,0.1851851791143417,0.0
8zb5,2,294,298,0.0134228187919463,4.113341604795105,0.0021686526959777,2.278753600952829,0.0789473684210526,0.0894736871123313,0.0157894734293222
8zgb,2,68,68,0.0,4.022180839413665,0.0121107266435986,1.7481880270062005,0.0535714285714285,0.2678571343421936,0.1428571492433548
8zgi,3,391,391,0.0,2.971739590887778,0.0003401338295798,1.7160033436347992,0.0,0.0,0.0
8zlc,0,134,136,0.0147058823529411,3.210318519826232,0.0013718173836698,1.3979400086720377,0.0,0.0,0.0
8zlf,0,193,203,0.0492610837438423,3.8663464227496016,0.0007146685724495,1.4471580313422192,0.0714285714285714,0.0,0.0
8zlh,2,130,130,0.0,2.4955443375464483,0.003491124260355,1.7708520116421442,0.0169491525423728,0.0,0.0
8znj,1,237,444,0.4662162162162162,1.0,0.000769757098871,1.9084850188786497,0.0,0.0987654328346252,0.0
8zo3,3,306,306,0.0,3.909020854211156,0.0006728181468665,1.7993405494535817,0.0,0.0,0.0
8zoj,3,397,398,0.0025125628140703,3.88371820196396,0.0003797324152247,1.7781512503836436,0.0,0.0,0.0
8zpo,3,306,306,0.0,3.909020854211156,0.0006621384937417,1.792391689498254,0.0,0.0,0.0
8zro,3,308,311,0.0096463022508038,4.057704131534029,0.0006681421472418,1.806179973983887,0.0,0.015625,0.0
9a3v,1,180,687,0.7379912663755459,3.737272176535544,0.0009542293385088,2.0718820073061255,0.0,0.0,0.0
9a3x,1,90,687,0.868995633187773,3.378942698613437,0.0013747371825974,1.9294189257142929,0.0,0.0,0.0
9a3y,1,140,687,0.7962154294032023,3.1956229435869368,0.0009357454772301,1.9542425094393248,0.0,0.0,0.0
9a3z,1,297,687,0.5676855895196506,3.949536373376143,0.0004852013585638,1.99563519459755,0.0,0.0,0.0
9a4p,1,106,409,0.7408312958435208,2.257678574869185,0.0012455598099367,1.7323937598229686,0.0185185185185185,0.0925925895571708,0.0
9a4t,1,181,467,0.6124197002141327,3.954965731058421,0.0002602718657943,1.3424226808222062,0.0,0.0454545468091964,0.0
9a4z,1,180,443,0.5936794582392777,2.9041743682841634,0.0007399046902432,1.7708520116421442,0.0,0.0,0.0
9a59,3,274,468,0.4145299145299145,3.8547310172139424,0.0001949591365649,1.3979400086720377,0.0,0.2000000029802322,0.0799999982118606
9a5c,1,232,555,0.581981981981982,3.684306646071632,0.0002795899347623,1.5563025007672873,0.0,0.0,0.0
9a5e,1,67,414,0.8381642512077294,3.931254406416413,0.0016223231667748,1.6532125137753437,0.0,0.0666666701436042,0.0
9a5f,1,180,305,0.4098360655737705,2.9041743682841634,0.0006375227686703,1.5440680443502757,0.0,0.1428571492433548,0.0
9a5m,3,343,465,0.2623655913978495,2.739572344450092,0.0001567447255399,1.3979400086720377,0.0,0.0,0.0
9a5s,1,82,355,0.7690140845070422,3.9057419273916016,0.000893163861216,1.414973347970818,0.0,0.0384615398943424,0.0
9a5t,3,333,337,0.0118694362017804,4.160648574436162,0.0006415911460421,1.8573324964312685,0.0,0.0138888889923691,0.0
9a5w,0,180,274,0.3430656934306569,2.9041743682841634,0.000162206001622,0.9030899869919435,0.0,0.125,0.0
9a5x,1,197,420,0.530952380952381,4.353454583806043,0.0004713560551124,1.591064607026499,0.0,0.0,0.0
9a60,1,118,325,0.6369230769230769,3.81544491624435,0.0002868318122555,1.041392685158225,0.0,0.0,0.0
9a66,1,197,810,0.7567901234567901,4.353454583806043,9.400263207369808e-05,1.1760912590556813,0.0,0.2000000029802322,0.0
9a6v,1,85,294,0.7108843537414966,2.7075701760979363,0.0010804321728691,1.4313637641589874,0.0,0.2962962985038757,0.0
9a7q,3,274,527,0.4800759013282732,3.931356150467928,4.847712572196291e-05,0.8450980400142568,0.0,0.0,0.0
9ard,0,132,132,0.0,2.0453229787866576,0.0015495867768595,1.4313637641589874,0.0,0.0,0.0
9avb,0,120,124,0.032258064516129,3.447313108823568,0.0034274193548387,1.7075701760979363,0.0392156862745098,0.0196078438311815,0.1372549086809158
9avc,0,97,98,0.010204081632653,3.5056925074122,0.0025247212286976,1.380211241711606,0.0,0.0,0.0
9axg,2,78,81,0.037037037037037,3.803730170974544,0.0093383982272871,1.7708520116421442,0.0,0.0169491525739431,0.0338983051478862
9b2u,1,4,329,0.9878419452887538,0.3010299956639812,0.012917933130699,1.2304489213782739,0.0588235294117647,0.0588235296308994,0.1764705926179886
9b4u,0,142,142,0.0,3.1264561134318045,0.0018349533822654,1.568201724066995,0.0,0.0,0.0
9bfr,3,383,383,0.0,2.100370545117563,0.0007226172378296,2.0253058652647704,0.0,0.0,0.0
9bgl,1,51,213,0.7605633802816901,2.845098040014257,0.0032219460554174,1.5440680443502757,0.0,0.0571428574621677,0.0
9blq,0,195,207,0.0579710144927536,3.204933522354145,0.001015731450514,1.6127838567197355,0.0,0.0,0.0
9bxl,0,244,245,0.0040816326530612,3.5185139398778875,0.000351288056206,1.3222192947339193,0.0,0.0,0.0
9bxm,0,242,245,0.0122448979591836,3.5185139398778875,0.0003710575139146,1.3424226808222062,0.0,0.0,0.0
9bxn,0,245,247,0.0080971659919028,3.5185139398778875,0.0003800710567627,1.3617278360175928,0.0,0.0,0.0
9c6t,2,222,226,0.0176991150442477,3.9367649976099415,0.002152595072949,2.03342375548695,0.0,0.1203703731298446,0.0
9c8a,3,382,384,0.0052083333333333,3.979092900638326,0.0002522360383944,1.568201724066995,0.081081081081081,0.0,0.0
9c8b,3,381,383,0.0052219321148825,4.009790719354298,0.0002467054542464,1.5563025007672873,0.0833333333333333,0.0,0.0
9c8w,0,58,60,0.0333333333333333,2.499687082618404,0.0080459770114942,1.4471580313422192,0.0,0.0,0.0
9ccv,2,132,136,0.0294117647058823,1.2041199826559248,0.0052361853832442,1.9731278535996986,0.0319148936170212,0.2978723347187042,0.074468083679676
9cdv,3,434,450,0.0355555555555555,3.098643725817057,0.0002355350742447,1.662757831681574,0.0,0.0,0.0
9ckf,3,429,430,0.0023255813953488,4.314141203260571,0.0001355233913373,1.3979400086720377,0.0,0.0,0.0
9ckx,2,222,222,0.0,3.9348518029656607,0.0045653761869978,2.3521825181113627,0.0044444444444444,0.1199999973177909,0.0399999991059303
9crz,3,311,313,0.0063897763578274,3.42422807069598,0.0002465508562505,1.380211241711606,0.0416666666666666,0.0,0.0
9cu3,2,196,203,0.0344827586206896,3.4724638966069894,0.0053785060822358,2.330413773349191,0.0420560747663551,0.0420560762286186,0.0046728970482945
9cys,2,229,277,0.1732851985559566,3.340047317661393,0.0038781076096038,2.3909351071033793,0.008130081300813,0.0,0.0
9d7l,3,380,384,0.0104166666666666,3.991536175300032,0.0002604166666666,1.5797835966168101,0.0789473684210526,0.1052631586790084,0.0
9dds,0,164,164,0.0,3.3136563466180315,0.0005577037477691,1.1760912590556813,0.0,0.1333333402872085,0.0
9dq0,0,225,226,0.0044247787610619,3.586699801624049,0.0006293018682399,1.505149978319906,0.0,0.0,0.0
9dq1,0,226,226,0.0,3.586699801624049,0.0005482026783616,1.4471580313422192,0.0,0.0,0.0
9dq2,0,226,226,0.0,3.586699801624049,0.0006069386796146,1.4913616938342726,0.0,0.0,0.0
9dqp,0,220,230,0.0434782608695652,3.6261349786353887,0.0008695652173913,1.6434526764861874,0.0,0.0,0.0
9dqq,0,206,229,0.1004366812227074,3.577146984827525,0.0009115190571077,1.6334684555795866,0.0,0.0,0.0
9dqr,0,226,230,0.017391304347826,3.604765884703888,0.0008464794151596,1.6434526764861874,0.0,0.0,0.0
9dro,2,277,277,0.0,3.60086403630984,0.0050046266730962,2.584331224367531,0.0104166666666666,0.1041666641831398,0.0729166641831398
9dsb,2,146,147,0.0068027210884353,3.761627184561583,0.0109029913335197,2.369215857410143,0.0512820512820512,0.0,0.3589743673801422
9dur,1,138,366,0.6229508196721312,3.678791434366244,0.000791953749901,1.6020599913279625,0.0,0.0,0.0
9dxi,2,137,142,0.0352112676056338,2.950364854376123,0.0056543641410506,2.041392685158225,0.0727272727272727,0.0,0.0
9e72,0,239,246,0.0284552845528455,3.1072099696478683,0.0007994012994523,1.6720978579357175,0.0,0.2553191483020782,0.0
9e92,3,439,448,0.0200892857142857,3.4871383754771865,0.0004932069638789,1.9867717342662448,0.0,0.0,0.0
9edj,2,276,278,0.0071942446043165,3.588271706842329,0.004848295276822,2.5705429398818973,0.0080645161290322,0.1586021482944488,0.0967741906642913
9eh6,2,218,218,0.0,3.738384123512156,0.0011573099907415,1.7403626894942439,0.0,0.0,0.0909090936183929
9ejw,0,133,153,0.130718954248366,2.130333768495006,0.0024571232001572,1.6989700043360187,0.0,0.1400000005960464,0.0
9erv,1,43,343,0.8746355685131195,1.57978359661681,0.0081361448233778,2.0791812460476247,0.0166666666666666,0.1666666716337204,0.0
9eu1,3,412,414,0.0048309178743961,4.127881943484625,0.0001113925238028,1.2787536009528289,0.0,0.0,0.0
9f0n,3,304,305,0.0032786885245901,3.808818425092124,0.000269628990509,1.3979400086720377,0.0,0.0,0.0
9f7e,0,231,231,0.0,3.6884198220027113,0.0008058319746631,1.6334684555795866,0.0,0.0465116277337074,0.0465116277337074
9f7o,3,248,248,0.0,3.858416877723488,0.000552809573361,1.5314789170422551,0.0,0.0,0.0
9f7v,3,248,248,0.0,3.858416877723488,0.0005365504682622,1.5185139398778875,0.0,0.0,0.0
9fct,0,230,231,0.0043290043290043,3.318689269947746,0.0006964050442311,1.568201724066995,0.027027027027027,0.1351351290941238,0.0
9fdo,0,78,80,0.025,1.7075701760979365,0.0038461538461538,1.380211241711606,0.0,0.0,0.0
9fhk,3,348,349,0.0028653295128939,3.0572856444182146,0.0004281526858347,1.7160033436347992,0.0,0.0,0.0384615398943424
9fsg,3,372,378,0.0158730158730158,3.7203247174174416,0.0008676110826648,2.0863598306747484,0.0163934426229508,0.2131147533655166,0.0163934417068958
9fzf,0,149,149,0.0,4.097222592519901,0.0014413765145714,1.505149978319906,0.0,0.0,0.0
9gao,3,315,319,0.012539184952978,3.776701183988411,0.0008857043339801,1.9493900066449128,0.0,0.0,0.0
9gnd,3,269,275,0.0218181818181818,4.031973689091717,0.0005272051368705,1.591064607026499,0.0,0.0,0.0
9grw,3,367,370,0.0081081081081081,2.72916478969277,0.0004197658148611,1.7558748556724915,0.0,0.0,0.0
9gry,3,241,295,0.1830508474576271,3.772028165324855,0.0003516421689288,1.3979400086720377,0.0,0.0,0.0399999991059303
9gs3,2,241,293,0.1774744027303754,3.785543369956593,0.001869344171753,2.12057393120585,0.0075757575757575,0.0,0.0
9gs5,3,241,286,0.1573426573426573,3.7826159320316033,0.0003336912050604,1.3617278360175928,0.0,0.0,0.0
9gs7,3,241,299,0.1939799331103679,3.776991584856405,0.0003053053747623,1.3424226808222062,0.0,0.0,0.0
9gsl,3,241,305,0.2098360655737705,3.7554937284151193,0.0002448813005917,1.255272505103306,0.0,0.0,0.0555555559694767
9gsq,0,187,188,0.0053191489361702,1.8864907251724816,0.0011377858686995,1.6020599913279625,0.0,0.0,0.0
9h8u,3,467,467,0.0,3.755264891412247,0.0001192173837286,1.414973347970818,0.0,0.0,0.0
9hgm,3,325,325,0.0,3.894260664446988,0.0007668639053254,1.9084850188786497,0.0,0.0,0.0
9hjp,3,386,404,0.0445544554455445,3.0350292822023683,0.0001859641922741,1.462397997898956,0.0,0.0,0.0
9ht6,2,118,121,0.024793388429752,3.3602146132953523,0.0046224961479198,1.8195439355418688,0.0606060606060606,0.0757575780153274,0.1515151560306549
9hv7,0,113,115,0.017391304347826,3.793441132977664,0.0026933435936898,1.5440680443502757,0.0,0.0,0.0
9i20,3,241,295,0.1830508474576271,3.7551122663950713,0.0002953794219002,1.3222192947339193,0.0,0.0,0.0
9i25,1,13,251,0.9482071713147412,0.3010299956639812,0.0186944529574011,1.7853298350107671,0.0327868852459016,0.0327868834137916,0.0163934417068958
9i8y,3,392,412,0.0485436893203883,3.546542663478131,0.0005015355656825,1.9084850188786497,0.0,0.2345678955316543,0.0
9if5,3,381,381,0.0,2.785329835010767,8.266683200033066e-05,1.0791812460476249,0.0,0.0,0.0
9iia,3,412,425,0.0305882352941176,2.8937617620579434,0.0003026841804683,1.7242758696007892,0.0,0.0,0.0
9ikp,0,184,184,0.0,3.724603515396717,0.0008861058601134,1.4771212547196624,0.0,0.0,0.0
9ime,0,146,146,0.0,3.728191398589946,0.0021110902608369,1.6532125137753437,0.0444444444444444,0.1333333402872085,0.0222222227603197
9inr,0,145,145,0.0,4.245784017077525,0.0010939357907253,1.3617278360175928,0.0434782608695652,0.0,0.0
9iok,2,170,170,0.0,3.933639112524925,0.0043598615916955,2.100370545117563,0.0158730158730158,0.0,0.0
9ir0,3,367,367,0.0,1.869231719730976,0.0002004618046017,1.4313637641589874,0.0,0.0,0.0
9iv0,2,172,172,0.0,3.969136233596712,0.0040562466197944,2.0791812460476247,0.0166666666666666,0.0,0.0
9ivi,3,253,266,0.0488721804511278,2.12057393120585,0.0008321198252548,1.7481880270062005,0.0,0.0,0.0
9iyx,2,172,179,0.0391061452513966,2.780317312140151,0.0034104196440171,2.0211892990699383,0.019047619047619,0.190476194024086,0.0666666701436042
9izn,3,332,364,0.0879120879120879,2.649334858712142,0.0015060240963855,2.2600713879850747,0.0164835164835164,0.0,0.0
9j0t,2,174,174,0.0,3.9474337218870494,0.003831417624521,2.0644579892269186,0.0172413793103448,0.0,0.0
9j2e,3,370,370,0.0,2.307496037913213,0.0005405405405405,1.8692317197309762,0.0,0.0,0.0
9j2m,3,370,370,0.0,2.307496037913213,0.0005332359386413,1.863322860120456,0.0,0.0,0.0
9j2p,3,370,370,0.0,2.307496037913213,0.0005405405405405,1.8692317197309762,0.0,0.0,0.0
9j2r,3,370,370,0.0,2.2671717284030137,0.0005259313367421,1.8573324964312685,0.0,0.0,0.0
9j30,3,370,371,0.0026954177897574,2.2764618041732443,0.0005390835579514,1.8692317197309762,0.0,0.0,0.0
9j33,3,370,370,0.0,2.2833012287035497,0.0005332359386413,1.863322860120456,0.0,0.0,0.0
9j4p,1,255,426,0.4014084507042254,2.895422546039408,0.0009942004971002,2.03342375548695,0.0185185185185185,0.0,0.0
9jc7,3,425,425,0.0,4.3071964211494125,0.0004871972318339,1.9444826721501687,0.0,0.0,0.0
9jdd,0,125,190,0.3421052631578947,1.6434526764861874,0.0019368421052631,1.662757831681574,0.0,0.0,0.0
9jdi,1,164,337,0.5133531157270029,1.8260748027008264,0.0013389303032496,1.8692317197309762,0.0,0.0,0.0
9jdn,3,422,423,0.0023640661938534,4.3082228192210215,0.0004761744703259,1.9294189257142929,0.0,0.0,0.0
9jm2,0,66,68,0.0294117647058823,0.3010299956639812,0.0086898395721925,1.591064607026499,0.0,0.0,0.0
9jm8,0,64,66,0.0303030303030303,0.3010299956639812,0.010653409090909,1.6532125137753437,0.0222222222222222,0.0444444455206394,0.0444444455206394
9jof,3,366,370,0.0108108108108108,3.0,0.0004947570521341,1.8260748027008264,0.0298507462686567,0.1791044771671295,0.0
9jog,3,366,372,0.0161290322580645,3.002597980719909,0.0004847523356248,1.8195439355418688,0.0151515151515151,0.2272727340459823,0.0
9joh,3,366,372,0.0161290322580645,3.002597980719909,0.000462718138551,1.7993405494535817,0.0,0.2222222238779068,0.0
9jzo,0,173,173,0.0,3.43568513794163,0.0007350730061144,1.3424226808222062,0.0,0.0,0.0
9k2f,2,225,231,0.0259740259740259,3.6909930320998696,0.0027898027898027,2.161368002234975,0.0137931034482758,0.0551724135875701,0.0068965516984462
9k6w,0,207,207,0.0,3.481872410310664,0.0001633643725641,0.8450980400142568,0.0,0.0,0.0
9k7k,3,244,247,0.0121457489878542,3.697839368218363,0.0009291829826773,1.7481880270062005,0.0535714285714285,0.1964285671710968,0.0
9k7u,1,54,136,0.6029411764705882,0.3010299956639812,0.0091230936819172,1.8260748027008264,0.044776119402985,0.0895522385835647,0.0746268630027771
9k8c,0,90,90,0.0,0.3010299956639812,0.0041975308641975,1.5314789170422551,0.0,0.0,0.0
9k8h,0,91,91,0.0,0.3010299956639812,0.0035019925129815,1.462397997898956,0.0,0.0,0.0
9k8k,0,55,55,0.0,0.3010299956639812,0.0092561983471074,1.4471580313422192,0.2142857142857142,0.0,0.0
9kkt,3,377,382,0.013089005235602,3.702430536445525,0.0013679225630841,2.294466226161593,0.0203045685279187,0.0507614202797412,0.0253807101398706
9kkv,3,378,383,0.0130548302872062,3.703978825008386,0.0013814635224556,2.3010299956639813,0.02,0.0850000008940696,0.025000000372529
9koj,2,278,278,0.0,2.9995654882259823,0.0015915325293721,2.089905111439398,0.0,0.0813008099794387,0.0975609719753265
9kwf,3,324,324,0.0,3.9926418698783976,0.0007239750038103,1.8808135922807914,0.0,0.0,0.013157894834876
9kyl,0,138,142,0.028169014084507,3.6868149545073168,0.000714431516636,1.146128035678238,0.0,0.0,0.0
9kyt,0,184,185,0.0054054054054054,3.6612446089593336,0.0007050528789659,1.380211241711606,0.0,0.0,0.0
9kz5,0,180,182,0.0109890109890109,3.6993173010213822,0.0004273504273504,1.146128035678238,0.0,0.0,0.0
9kza,0,183,183,0.0,3.686457510469112,0.0004180477171608,1.146128035678238,0.0,0.0,0.0
9l08,3,291,291,0.0,3.642860052584492,0.0002007534157603,1.2304489213782739,0.0,0.0,0.0
9l5y,3,460,461,0.0021691973969631,2.8830933585756897,0.0001320381024238,1.4471580313422192,0.0,0.1071428582072258,0.0
9l75,3,261,281,0.0711743772241993,3.718501688867274,0.0005044927121255,1.568201724066995,0.0,0.0,0.0
9lc9,3,465,466,0.0021459227467811,4.189349924339198,0.0003553463473164,1.8864907251724818,0.0,0.0,0.0
9lgw,1,190,413,0.5399515738498789,1.5185139398778875,0.0008283420415445,1.8129133566428555,0.0,0.0,0.0
9lik,3,392,427,0.081967213114754,1.9294189257142929,0.0011948573340343,2.3010299956639813,0.005,0.0,0.0
9lim,3,373,384,0.0286458333333333,1.919078092376074,0.0001466152815013,1.3222192947339193,0.0,0.0,0.0
9ll4,0,106,106,0.0,3.275311354541812,0.0040939836240655,1.662757831681574,0.0434782608695652,0.0,0.0
9lnb,3,404,404,0.0,3.498861688992884,0.0001838055092637,1.4771212547196624,0.0,0.0,0.0666666701436042
9lri,2,147,158,0.0696202531645569,3.88924566089298,0.0035305261345044,1.9138138523837167,0.0,0.0,0.0
9lw1,2,258,258,0.0,3.1947917577219247,0.0017727300042064,2.0718820073061255,0.0,0.1694915294647216,0.0
9lyd,3,373,373,0.0,4.056790548274383,0.0004240668731896,1.7708520116421442,0.0169491525423728,0.0,0.0
9m1q,2,156,156,0.0,3.962889987391791,0.0025065746219592,1.7853298350107671,0.0163934426229508,0.0819672122597694,0.6721311211585999
9m3l,2,157,158,0.0063291139240506,2.3010299956639813,0.003345964685963,1.919078092376074,0.0,0.1204819306731224,0.0120481923222541
9m71,0,113,113,0.0,1.9867717342662448,0.0009397760200485,1.0791812460476249,0.0833333333333333,0.0,0.0
9m8p,3,254,254,0.0,3.808346035740395,0.0007440014880029,1.6812412373755872,0.0833333333333333,0.0416666679084301,0.0
9ma1,2,272,288,0.0555555555555555,3.2884728005997825,0.0021190767973856,2.220108088040055,0.0060240963855421,0.0,0.0301204826682806
9mrw,3,347,347,0.0,2.640481436970422,6.644021626290394e-05,0.9030899869919435,0.0,0.0,0.0
9mty,3,292,294,0.0068027210884353,3.3902283624691303,0.0003727518404622,1.505149978319906,0.0,0.03125,0.0
9mw1,0,139,139,0.0,3.890309216899949,0.0015527146628021,1.4771212547196624,0.0,0.1333333402872085,0.1333333402872085
9n2g,2,71,72,0.0138888888888888,3.822560336942692,0.0138888888888888,1.8512583487190752,0.0140845070422535,0.1408450752496719,0.0281690135598182
9n2n,2,64,68,0.0588235294117647,3.815909650886775,0.0098805147058823,1.6334684555795866,0.0232558139534883,0.0,0.0
9n9m,3,346,365,0.0520547945205479,3.125481265700594,0.0008393380315147,2.0253058652647704,0.0,0.1509433984756469,0.0
9n9o,3,346,365,0.0520547945205479,3.125481265700594,0.0007997466149338,2.0043213737826426,0.0,0.1683168262243271,0.0
9ndu,0,234,236,0.0084745762711864,3.514282047860378,0.0003983775170215,1.3424226808222062,0.0,0.0,0.0
9nf8,3,315,528,0.4034090909090909,3.637689819118401,7.215007215007215e-05,1.0791812460476249,0.0,0.0,0.0
9nlt,1,53,106,0.5,0.3010299956639812,0.0272338910644357,2.184691430817599,0.0522875816993464,0.0130718955770134,0.0065359477885067
9nu4,1,29,602,0.9518272425249168,0.4771212547196624,0.0036659411158208,1.806179973983887,0.0,0.0,0.0
9nu5,1,29,503,0.9423459244532804,0.4771212547196624,0.0058271063275519,1.9294189257142929,0.0,0.0,0.1176470592617988
9nu8,1,40,510,0.9215686274509804,0.3010299956639812,0.004656862745098,1.9777236052888478,0.0,0.0,0.0315789468586444
9nzo,1,249,445,0.4404494382022472,2.429752280002408,0.00119128198186,2.12057393120585,0.0,0.0,0.0
9oa6,1,120,249,0.5180722891566265,3.226857570288724,0.0058232931726907,2.2405492482825995,0.0114942528735632,0.0229885056614875,0.0402298867702484
9oa9,2,270,280,0.0357142857142857,3.7518946880437474,0.0029100529100529,2.342422680822206,0.0272727272727272,0.0136363636702299,0.0318181812763214
9opx,3,275,278,0.0107913669064748,3.3443922736851106,0.0003400915631131,1.414973347970818,0.1923076923076923,0.2692307829856872,0.0769230797886848
9ply,3,294,297,0.0101010101010101,3.260786668654976,0.0006184291898577,1.7323937598229686,0.0,0.0,0.0
9q1f,3,362,372,0.0268817204301075,3.587149498254344,0.0009059585338323,2.0863598306747484,0.0,0.2295081913471222,0.0409836061298847
9q3h,0,123,124,0.0080645161290322,2.4683473304121573,0.0026881720430107,1.6127838567197355,0.0,0.0,0.0
9qbx,2,254,254,0.0,2.843855422623161,0.0014880029760059,1.9822712330395684,0.0104166666666666,0.0,0.1354166716337204
9qh2,2,236,236,0.0,3.936714758211204,0.0018313702958919,2.0086001717619175,0.2058823529411764,0.0686274543404579,0.0
9qjg,2,154,156,0.0128205128205128,3.959470702075107,0.0028305028305028,1.8325089127062364,0.0147058823529411,0.0294117648154497,0.2058823555707931
9ql9,2,148,154,0.0389610389610389,3.861653870213911,0.0029835029835029,1.8325089127062364,0.0147058823529411,0.147058829665184,0.0147058824077248
9qtr,1,53,162,0.6728395061728395,1.8864907251724816,0.0023293733985557,1.3010299956639813,0.0,0.1500000059604644,0.0
9qwr,2,159,172,0.0755813953488372,2.838849090737255,0.0028521281263712,1.8920946026904804,0.0,0.0,0.0
9qyg,2,176,186,0.053763440860215,3.6793370305207937,0.0022299608993157,1.863322860120456,0.0273972602739726,0.0547945201396942,0.0547945201396942
9qz0,3,393,394,0.0025380710659898,3.2219355998280053,0.0002841606282533,1.6434526764861874,0.0454545454545454,0.0,0.0
9qz1,3,393,394,0.0025380710659898,3.2219355998280053,0.0002906188243499,1.6532125137753437,0.0444444444444444,0.0,0.0
9r11,0,165,165,0.0,3.623456048069934,0.001763085399449,1.6812412373755872,0.0208333333333333,0.0,0.0625
9r2z,2,78,79,0.0126582278481012,2.6273658565927325,0.0094125283998701,1.7634279935629373,0.0344827586206896,0.2931034564971924,0.1206896528601646
9r3e,3,298,298,0.0,2.9057958803678687,0.000258997342462,1.3617278360175928,0.0,0.260869562625885,0.0
9r43,3,441,441,0.0,4.095378599560064,5.656079514194189e-05,1.041392685158225,0.0,0.0,0.0
9rt4,1,104,283,0.6325088339222615,2.367355921026019,0.0034656156564283,2.0086001717619175,0.0,0.0196078438311815,0.039215687662363
9s9i,0,189,195,0.0307692307692307,2.640481436970422,0.0013838013838013,1.7075701760979363,0.0,0.0,0.0
9sma,0,124,128,0.03125,3.000867721531227,0.001953125,1.4913616938342726,0.0,0.0,0.0
9sni,2,125,130,0.0384615384615384,3.663889298622661,0.0092923076923076,2.1789769472931693,0.0066225165562913,0.0,0.0
9sxc,1,246,436,0.4357798165137614,2.004321373782642,0.0011934064294771,2.1072099696478683,0.0,0.0703125,0.1015625
9sya,3,323,324,0.0030864197530864,2.637489729512511,0.0004204410809157,1.6434526764861874,0.0,0.0,0.0
9ten,1,217,389,0.442159383033419,2.725094521081469,0.0022982242071718,2.287801729930226,0.0,0.0,0.0
9u3w,3,315,319,0.012539184952978,3.874133778827973,0.0003682141613176,1.568201724066995,0.0,0.0,0.0
9u78,0,118,118,0.0,0.3010299956639812,0.0035191037058316,1.6901960800285136,0.0,0.0,0.0
9u7b,2,136,146,0.0684931506849315,3.889525796671191,0.0103746978243352,2.3138672203691533,0.2912621359223301,0.2475728094577789,0.46116504073143
9uat,1,221,531,0.583804143126177,2.935003151453655,0.0004345936549326,1.7075701760979363,0.0,0.0,0.0
9uc5,0,92,96,0.0416666666666666,0.3010299956639812,0.0058876811594202,1.7160033436347992,0.0961538461538461,0.1730769276618957,0.1730769276618957
9udb,3,470,471,0.0021231422505307,4.081275279529334,0.0001987622532411,1.6434526764861874,0.0,0.0,0.0
9udd,3,472,472,0.0,4.101918833680424,0.0001975007181844,1.6434526764861874,0.0,0.0,0.0
9ude,3,472,472,0.0,4.101918833680424,0.0002019893708704,1.6532125137753437,0.0,0.0,0.0
9uf7,3,450,450,0.0,3.827175348298693,0.0001234567901234,1.3979400086720377,0.0,0.0,0.0
9ukv,1,38,510,0.9254901960784314,0.4771212547196624,0.0034571723426212,1.8260748027008264,0.0,0.0,0.0
9us9,0,143,159,0.10062893081761,3.412124406173317,0.0014073976338127,1.505149978319906,0.0,0.0,0.0
9utm,0,150,152,0.0131578947368421,2.69284691927723,0.0008333333333333,1.2787536009528289,0.0,0.0,0.0
9uu7,2,230,232,0.0086206896551724,4.110455024461015,0.00297976011994,2.2013971243204513,0.0817610062893081,0.0440251566469669,0.0503144636750221
9uvr,3,409,411,0.0048661800486618,3.8090881313463454,0.0003152903943509,1.7242758696007892,0.0,0.0,0.0
9uwj,3,265,265,0.0,3.894537584995746,0.0008116767532929,1.7558748556724915,0.0701754385964912,0.0,0.0
9uwl,3,265,265,0.0,3.8773137433122384,0.0007974368102527,1.7481880270062005,0.0714285714285714,0.0,0.0
9w1n,3,407,407,0.0,3.500510910526337,0.0001388478046954,1.3617278360175928,0.0,0.0,0.0
9w1o,3,407,407,0.0,3.500510910526337,0.0001388478046954,1.3617278360175928,0.0,0.0,0.0
9wq2,3,368,368,0.0,2.311753861055754,0.0005168950850661,1.845098040014257,0.0,0.0,0.0
9wt2,3,414,414,0.0,3.4679039465228003,0.0002100399075824,1.5563025007672873,0.0,0.0,0.0555555559694767
9wvh,2,78,81,0.037037037037037,3.154728207440156,0.023741690408357,2.1760912590556813,0.0266666666666666,0.0333333350718021,0.1400000005960464
9wzk,3,254,254,0.0,4.143514420075551,0.0004185008370016,1.4313637641589874,0.037037037037037,0.0,0.0
9wzl,3,255,256,0.00390625,4.211841096375342,0.0005055147058823,1.5185139398778875,0.0303030303030303,0.1515151560306549,0.0
9x8x,3,414,414,0.0,3.4679039465228003,0.0002158743494597,1.568201724066995,0.0,0.0,0.0
9x97,3,414,414,0.0,3.4679039465228003,0.0002158743494597,1.568201724066995,0.0,0.0,0.0
9xb1,3,256,256,0.0,3.8943160626844384,0.0009307861328125,1.7853298350107671,0.0655737704918032,0.0,0.0
9xca,3,407,407,0.0,3.4898179083014504,0.000169032110064,1.4471580313422192,0.0,0.0,0.0714285746216774
9xgm,0,77,78,0.0128205128205128,3.619823500457278,0.0039960039960039,1.380211241711606,0.0416666666666666,0.0,0.125
9y4q,3,294,300,0.02,3.2579184503140586,0.0006462585034013,1.7558748556724915,0.0,0.0,0.0
9yh9,2,170,173,0.0173410404624277,4.022552084185014,0.002176130567834,1.806179973983887,0.0,0.09375,0.0
9zmy,0,113,114,0.0087719298245614,3.093421685162235,0.0003881384878124,0.6989700043360189,0.0,0.0,0.0
